,0,1,2,3,4,5,6,7,8,9,10,11,12,13,14,15,16,17,18,19,20,21,22,23,24,25,26,27,28,29,30,31,32,33,34,35,36,37,38,39,40,41,42,43,44,45,46,47,48,49,50,51,52,53,54,55,56,57,58,59,60,61,62,63,64,65,66,67,68,69,70,71,72,73,74,75,76,77,78,79,80,color_0,color_1,color_2,color_3,color_4,color_5,color_6,color_7,color_8,color_9,color_10,color_11,color_12,color_13,color_14,color_15,color_16,color_17,color_18,color_19,color_20,color_21,color_22,color_23,color_24,color_25,color_26,color_27,color_28,color_29,color_30,color_31,color_32,color_33,color_34,color_35,color_36,color_37,color_38,color_39,color_40,color_41,color_42,color_43,color_44,color_45,color_46,color_47,color_48,color_49,color_50,color_51,color_52,color_53,color_54,color_55,color_56,color_57,color_58,color_59,color_60,color_61,color_62,color_63,color_64,color_65,color_66,color_67,color_68,color_69,color_70,color_71,color_72,color_73,color_74,color_75,color_76,color_77,color_78,color_79,color_80
0,-25340,-24480,-24906,-24906,-24906,-24906,-24906,-24906,-24906,-12078,-24906,-24906,-24480,-24906,-24906,-24480,-24906,-24906,-14038,7,-3347,-24906,-24906,-24906,-24906,-24906,-24906,-24906,-24692,-24480,-24906,-24906,-24906,-24906,-24906,-24906,-24906,-24906,-24906,-24906,-24906,-24906,-24480,-24906,-24480,-24906,-24906,-24906,-24906,-24906,-24906,-24480,-24906,-24906,-24906,-24906,-24906,-24906,-24906,-24906,-24480,-24906,-24906,-24480,-24906,-24906,-24906,-24906,-24906,-24906,-24906,-24906,-24906,-24906,-24906,-24906,-24906,-24480,-24480,-24906,-24480,n,n,n,n,n,n,n,n,n,n,n,n,n,n,n,n,n,n,n,n,n,n,n,n,n,n,n,n,n,n,n,n,n,n,n,n,n,n,n,n,n,n,n,n,n,n,n,n,n,n,n,n,n,n,n,n,n,n,n,n,n,n,n,n,n,n,n,n,n,n,n,n,n,n,n,n,n,n,n,n,n
1,-774,-24480,-24480,-24906,-25122,-24906,-25122,-24906,-25340,42,-24906,33,-24480,-24906,-24906,-24480,-24906,-24906,34,-24480,4,-24906,-24906,-24059,-24692,-24906,-24906,-24906,-24906,-24480,-25340,-25122,-23851,-24059,-24269,-24906,-24906,-24906,-24906,-24906,-25559,-24906,-23851,-24692,-24480,-24906,-24906,-24906,-24906,-25122,-24906,-24269,-24906,-24906,-24906,-24906,-24906,-24906,-24906,-24059,-23645,-23440,-24692,-24906,-24906,-24906,-24906,-24906,-24906,-24480,-23036,-24269,-25340,-26002,-25122,-24906,-24906,-24906,-24480,-23036,-21857,n,n,n,n,n,n,n,n,n,n,n,n,n,n,n,n,n,n,n,n,n,n,n,n,n,n,n,n,n,n,n,n,n,n,n,n,n,n,n,n,n,n,n,n,n,n,n,n,n,n,n,n,n,n,n,n,n,n,n,n,n,n,n,n,n,n,n,n,n,n,n,n,n,n,n,n,n,n,n,n,n
2,-24480,83,-24480,-24906,-24906,-24906,-24906,-24906,-24906,124,-24692,59,-24480,-24906,-24906,-24480,-24906,-24906,-24480,69,-24480,-24906,-24906,-24906,-24906,-24906,-24906,-24906,-24480,-24692,-24906,-24692,-24480,-24906,-24906,-24906,-24906,-24906,-24906,-24906,-24906,-24906,-24480,-24906,-24480,-24906,-24906,-24906,-24906,-24906,-24906,-24480,-24906,-24906,-24906,-24692,-24906,-24906,-24906,-24906,-24480,-24906,-24906,-24480,-24906,-24906,-24906,-24906,-24906,-24906,-24906,-24906,-24906,-25340,-24906,-24906,-24906,-24692,-24480,-24692,-24480,n,n,n,n,n,n,n,n,n,n,n,n,n,n,n,n,n,n,n,n,n,n,n,n,n,n,n,n,n,n,n,n,n,n,n,n,n,n,n,n,n,n,n,n,n,n,n,n,n,n,n,n,n,n,n,n,n,n,n,n,n,n,n,n,n,n,n,n,n,n,n,n,n,n,n,n,n,n,n,n,n
3,-24480,83,-24480,-24906,-24906,-24906,-24906,-24906,-24906,124,-24480,59,-24906,-24906,-24906,-24480,-24906,-24906,-24480,69,-24480,-24906,-24906,-24906,-24906,-24906,-24906,-24906,-25340,-24906,-24480,-23851,-24480,-24906,-24906,-25122,-24906,-24906,-24906,-24906,-1898,-16871,-24480,-24906,-17653,-24906,-24906,-25559,-24906,-3502,-24692,-24269,-24906,-24906,-24906,-24906,-25559,-24906,-27842,-22835,-23851,-24906,-24692,-24480,-24906,-24906,-24906,-25122,-20189,-24906,-24906,-24906,-25340,-25340,-25340,-26908,-26002,-18799,-24906,-24692,-24480,n,n,n,n,n,n,n,n,n,n,n,n,n,n,n,n,n,n,n,n,n,n,n,n,n,n,n,n,n,n,n,n,n,n,n,n,n,n,n,n,n,n,n,n,n,n,n,n,n,n,n,n,n,n,n,n,n,n,n,n,n,n,n,n,n,n,n,n,n,n,n,n,n,n,n,n,n,n,n,n,n
4,-24906,95,-24906,-24906,-24906,-24906,-24906,-24906,-24906,38,130,-24906,-24906,-24906,-24906,-24480,-24906,-25340,-24906,-25779,-24692,-25122,-24906,-24906,-24906,-24906,-24692,83,-25122,-24692,-24906,-24480,-24692,-24906,-24906,-24906,-26226,-26226,-24906,-26679,-24906,-24906,-24480,-24906,-24480,-25340,-25779,-25340,-28080,-25340,-24906,-24480,-24906,-24906,-25559,-26679,-26452,-29049,-25122,-24906,-24480,-24906,-24906,-24906,-26002,-25779,-28561,-25122,-24906,-24906,-24906,-24906,-25340,-26002,-26908,-26452,-25122,-24906,-24692,-24480,-24480,n,n,n,n,n,n,n,n,n,n,n,n,n,n,n,n,n,n,n,n,n,n,n,n,n,n,n,n,n,n,n,n,n,n,n,n,n,n,n,n,n,n,n,n,n,n,n,n,n,n,n,n,n,n,n,n,n,n,n,n,n,n,n,n,n,n,n,n,n,n,n,n,n,n,n,n,n,n,n,n,n
5,-24692,95,-24906,-24906,-24906,-24906,-24906,-24906,-24906,98,131,-23645,-24906,-24906,-24906,-24480,-24906,-25340,-27139,-26679,-24692,-24906,-24906,-24906,-24906,-24906,-24906,140,-24906,-25340,-25122,-24692,-24480,-24906,-24906,-24906,-24906,-25122,-25559,-26908,-25779,-25340,-24480,-24906,-24692,-24906,-24906,-25779,-28080,-27139,-25340,-24480,-24906,-24906,-24906,-25122,-26226,-29544,-26226,-24692,-24480,-24906,-24906,-24906,-25559,-25340,-28804,-26452,-24906,-24906,-24906,-24906,-25340,-26226,-25340,-26002,-24906,-24906,-24480,-24692,-24480,n,n,n,n,n,n,n,n,n,n,n,n,n,n,n,n,n,n,n,n,n,n,n,n,n,n,n,n,n,n,n,n,n,n,n,n,n,n,n,n,n,n,n,n,n,n,n,n,n,n,n,n,n,n,n,n,n,n,n,n,n,n,n,n,n,n,n,n,n,n,n,n,n,n,n,n,n,n,n,n,n
6,-7547,95,-24906,-24906,-24906,-24906,-24906,-24906,-24906,118,-24906,-8857,-24906,-24906,-24906,-24480,-24906,-24906,-24906,-26226,-24480,-24906,-24906,-24906,-24906,-24906,-24480,-22050,-22835,-24480,-24906,-24480,-24480,-24906,-24906,-24906,-24906,-24906,-24906,-24906,-24906,-24906,-24480,-24906,-24480,-24906,-24906,-24480,-24906,-24906,-24906,-24480,-24906,-24906,-24906,-24480,-24906,-24906,-24906,-24906,-24480,-24906,-24906,-24906,-24906,-24906,-24906,-24480,-24906,-24906,-24906,-24692,-25340,-25340,-24906,-24906,-24906,-24692,-24480,-24480,-24480,n,n,n,n,n,n,n,n,n,n,n,n,n,n,n,n,n,n,n,n,n,n,n,n,n,n,n,n,n,n,n,n,n,n,n,n,n,n,n,n,n,n,n,n,n,n,n,n,n,n,n,n,n,n,n,n,n,n,n,n,n,n,n,n,n,n,n,n,n,n,n,n,n,n,n,n,n,n,n,n,n
7,-24906,-24480,-24906,-24906,-24906,-24906,-24906,-24906,-24906,-24906,57,73,-720,-24906,-24906,-24480,-24692,-25340,-24480,71,-24480,-25340,-24906,-24906,-24906,-24906,-24906,-22244,-24692,-24692,-25559,-24480,-24480,-24906,-24906,-24906,-26,-25340,-25122,-25340,-24906,-24906,-24480,-24906,-24480,-24906,-25779,-25559,-26226,-25340,-24906,-24480,-24906,-24906,-24906,-24692,-25779,-29295,-25122,-24692,-24480,-24906,-24906,-24480,-24906,-25122,-28804,-25559,-24269,-24906,-24906,-24906,-25340,-25340,-25122,-25559,-23237,-22244,-22637,-24480,-24480,n,n,n,n,n,n,n,n,n,n,n,n,n,n,n,n,n,n,n,n,n,n,n,n,n,n,n,n,n,n,n,n,n,n,n,n,n,n,n,n,n,n,n,n,n,n,n,n,n,n,n,n,n,n,n,n,n,n,n,n,n,n,n,n,n,n,n,n,n,n,n,n,n,n,n,n,n,n,n,n,n
8,-24480,-23851,-24906,-24906,-24906,-24906,-24906,-24906,-24906,121,56,-731,-24906,-24906,-24906,-24480,-24906,-25340,-24692,65,-24480,-24906,-24906,-24906,-24906,-24906,-24906,-24906,-2,-24480,-24906,-24480,-24480,-24906,-24906,-24906,46,-26452,-24906,-24906,-24906,-24906,-24480,-24906,-24480,-25779,-26226,-25122,-25122,-24906,-24906,-24480,-24906,-24906,-25559,-26002,-26908,-26226,-24906,-24906,-24480,-24906,-24906,-24906,-25779,-25779,-26226,-25122,-24906,-24906,-24906,-24480,-25340,-25559,-26452,-25340,-24906,-24692,-24480,-24692,-24480,n,n,n,n,n,n,n,n,n,n,n,n,n,n,n,n,n,n,n,n,n,n,n,n,n,n,n,n,n,n,n,n,n,n,n,n,n,n,n,n,n,n,n,n,n,n,n,n,n,n,n,n,n,n,n,n,n,n,n,n,n,n,n,n,n,n,n,n,n,n,n,n,n,n,n,n,n,n,n,n,n
9,-26002,-24059,-24906,-24906,-24906,-24906,-24906,-24906,-25122,121,55,-26908,-26226,-24906,-24906,-24480,-24480,-25340,-110,10,-24906,-26226,-24906,-24906,-24906,-24906,-24906,-24906,-24480,-24692,-25340,-24480,-24480,-24906,-24906,-24906,46,-24906,-24906,-25559,-24906,-24906,-24480,-24906,-24480,-24906,-24906,-25122,-26002,-24906,-24269,-24480,-24906,-24692,-24906,-24480,-24906,-24906,-21666,-22440,-24480,-24906,-24906,-24480,-24906,-24692,-24906,-21666,-22050,-24692,-24906,-24906,-25122,-25340,-24906,-25122,-23237,-20549,-21101,-24269,-24480,n,n,n,n,n,n,n,n,n,n,n,n,n,n,n,n,n,n,n,n,n,n,n,n,n,n,n,n,n,n,n,n,n,n,n,n,n,n,n,n,n,n,n,n,n,n,n,n,n,n,n,n,n,n,n,n,n,n,n,n,n,n,n,n,n,n,n,n,n,n,n,n,n,n,n,n,n,n,n,n,n
10,-25340,-23851,-24906,-25779,-25340,-24692,-24692,-24906,-24906,-2251,-14704,-22835,-26679,-25559,-24906,-24480,-24906,-25122,-1807,-24059,-23645,-26679,-25340,-24480,-24692,-24906,-24906,-24906,-24906,-23237,-25559,-25340,-19657,-24480,-24906,-24906,46,-24906,-23645,-24480,-26679,-23851,-24480,-24906,-24480,-24906,-24906,-25122,-25559,-26908,-23440,-24480,-24906,-24480,-24906,-24480,-24906,-28804,-25559,-22835,-24480,-24906,-24906,-24480,-24906,-24480,-28561,-24906,-22637,-24692,-24906,-24480,-25340,-25340,-25340,-26679,-18465,-9397,-18465,-24480,-24480,n,n,n,n,n,n,n,n,n,n,n,n,n,n,n,n,n,n,n,n,n,n,n,n,n,n,n,n,n,n,n,n,n,n,n,n,n,n,n,n,n,n,n,n,n,n,n,n,n,n,n,n,n,n,n,n,n,n,n,n,n,n,n,n,n,n,n,n,n,n,n,n,n,n,n,n,n,n,n,n,n
11,-24906,-25779,-24906,-24692,-24906,-24906,-24906,-24906,-24906,-1439,-25122,-22835,-25559,-24906,-24906,-24480,-24906,-24906,-24906,4,-24906,-26679,-24906,-24692,-24906,-24692,-24906,-24906,-24906,-24692,-26002,-25779,-23851,-24906,-24906,-24906,46,-25340,-25122,-27139,-26679,-24906,-24480,-24906,-24480,-24906,-24906,-24906,-28319,-27139,-24906,-24480,-24906,-24906,-24906,-24906,-25779,-29544,-25779,-23851,-24480,-24906,-24906,-24480,-25122,-24906,-29049,-25779,-24480,-24906,-24906,-24480,-25340,-25340,-25340,-26679,-25122,-23036,-22835,-24480,-24480,n,n,n,n,n,n,n,n,n,n,n,n,n,n,n,n,n,n,n,n,n,n,n,n,n,n,n,n,n,n,n,n,n,n,n,n,n,n,n,n,n,n,n,n,n,n,n,n,n,n,n,n,n,n,n,n,n,n,n,n,n,n,n,n,n,n,n,n,n,n,n,n,n,n,n,n,n,n,n,n,n
12,-25122,-24692,-24906,-24906,-24906,-24906,-24906,-24906,-24906,-28319,-21288,-25340,-24906,-24906,-24906,-24480,-24480,-25340,-25779,47,-25559,-26679,-24692,-24906,-24906,-24906,-24906,-14169,2,-24480,-26679,-24269,-24480,-24906,-24906,-24906,-25122,-25779,-25340,-26679,-24692,-24906,-24480,-24906,-24480,-24906,-25340,-25559,-27372,-25340,-24906,-24480,-24906,-24906,-24906,-25122,-25779,-28804,-24269,-24269,-24480,-24906,-24906,-24480,-24906,-24692,-26452,-23645,-22835,-24906,-24906,-24480,-25340,-25340,-25559,-25340,-20368,-16871,-21288,-24480,-24480,n,n,n,n,n,n,n,n,n,n,n,n,n,n,n,n,n,n,n,n,n,n,n,n,n,n,n,n,n,n,n,n,n,n,n,n,n,n,n,n,n,n,n,n,n,n,n,n,n,n,n,n,n,n,n,n,n,n,n,n,n,n,n,n,n,n,n,n,n,n,n,n,n,n,n,n,n,n,n,n,n
13,-30047,-28080,-28080,-27139,-28080,-28080,-27139,-26226,-27139,-30557,-21666,-26679,-28080,-27139,-26679,-27372,-27139,-27139,-28561,46,-26226,-27606,-27606,-26679,-26226,-27606,-28080,-4565,3,-26226,-26679,-27606,-28080,-26226,-27606,-26679,-28561,-28561,-28080,-27139,-28561,-27139,-27139,-27139,-26679,-27606,-28561,-28080,-27606,-27606,-28561,-26679,-28080,-26679,-27606,-28804,-29049,-28080,-28080,-28080,-26679,-27139,-26679,-28561,-28561,-27606,-28561,-27606,-26679,-27139,-27139,-28080,-28561,-30047,-27606,-27606,-28080,-27606,-28561,-28080,-28080,n,n,n,n,n,n,n,n,n,n,n,n,n,n,n,n,n,n,n,n,n,n,n,n,n,n,n,n,n,n,n,n,n,n,n,n,n,n,n,n,n,n,n,n,n,n,n,n,n,n,n,n,n,n,n,n,n,n,n,n,n,n,n,n,n,n,n,n,n,n,n,n,n,n,n,n,n,n,n,n,n
14,-30047,15,-25340,-27139,-28080,-28080,-27139,-26226,-27139,-27606,-28080,-27139,-28080,-27139,-26679,-27139,-27139,-26679,-10562,19,-26679,-19310,-27606,-26679,-26226,-27606,-28080,-4665,-842,-26226,-26679,-27606,-27842,-26226,-27606,-26679,-28561,-28561,-28080,-27139,-28561,-27139,-27139,-27139,-26679,-27606,-28561,-28080,-27606,-27606,-28561,-26679,-28080,-26679,-27606,-29049,-29049,-29049,-28319,-28080,-26679,-27606,-26679,-28561,-28561,-27606,-29794,-27606,-26679,-27139,-27139,-28080,-29049,-30557,-27606,-28080,-28080,-27606,-28561,-28080,-28080,n,n,n,n,n,n,n,n,n,n,n,n,n,n,n,n,n,n,n,n,n,n,n,n,n,n,n,n,n,n,n,n,n,n,n,n,n,n,n,n,n,n,n,n,n,n,n,n,n,n,n,n,n,n,n,n,n,n,n,n,n,n,n,n,n,n,n,n,n,n,n,n,n,n,n,n,n,n,n,n,n
15,-30557,-28080,-28561,-26679,-28319,-28080,-27139,-26226,-27139,-28080,-29544,-27139,-28080,-27139,-26679,-27139,-27139,-27139,26,-27139,-26679,-340,-27606,-26679,-26226,-27606,-28080,-4615,-27139,-26226,-26679,-27606,-28080,-26226,-27606,-26679,-28561,-28561,-28080,-27139,-28561,-27139,-27139,-27372,-26679,-27606,-28561,-28080,-27606,-27606,-28561,-26679,-28080,-26679,-27606,-29049,-29049,-28561,-28080,-28080,-26679,-27606,-26679,-28561,-28561,-27606,-28561,-27606,-26679,-27139,-27139,-28080,-29049,-30557,-27842,-27606,-28561,-27842,-28561,-28080,-28080,n,n,n,n,n,n,n,n,n,n,n,n,n,n,n,n,n,n,n,n,n,n,n,n,n,n,n,n,n,n,n,n,n,n,n,n,n,n,n,n,n,n,n,n,n,n,n,n,n,n,n,n,n,n,n,n,n,n,n,n,n,n,n,n,n,n,n,n,n,n,n,n,n,n,n,n,n,n,n,n,n
16,-30047,-27606,-27842,-27139,-28080,-28080,-27139,-26226,-27139,21,-27139,-24692,-27842,-27606,-26679,-27139,-27139,-26679,-2985,-11850,6,-27606,-27606,-26002,-26226,-27606,-28080,-18465,-4003,-26002,-26679,-27606,-25779,-26226,-27606,-26679,-28561,-28561,-27606,-27139,-28561,-26679,-27139,-27139,-26679,-27606,-28561,-26908,-28080,-28080,-28080,-26679,-28080,-26679,-27606,-29049,-28080,-28804,-28080,-27842,-26679,-27372,-26679,-28561,-28561,-27139,-29295,-27606,-26452,-27139,-27139,-28080,-29049,-30557,-27606,-27842,-27842,-27606,-28561,-28080,-28080,n,n,n,n,n,n,n,n,n,n,n,n,n,n,n,n,n,n,n,n,n,n,n,n,n,n,n,n,n,n,n,n,n,n,n,n,n,n,n,n,n,n,n,n,n,n,n,n,n,n,n,n,n,n,n,n,n,n,n,n,n,n,n,n,n,n,n,n,n,n,n,n,n,n,n,n,n,n,n,n,n
17,-2596,-28080,-29049,-25340,-28080,-28080,-27139,-26226,-27139,-9583,-28561,-25779,-5773,-27139,-26679,-27139,-27139,-26679,-28080,-27139,-26452,-24059,-27606,-26452,-26226,-27606,-28080,-29295,-27139,-24480,-27139,-27842,-27606,-26226,-27606,-26679,-29049,-28080,-27372,-27372,-28561,-27139,-27139,-27139,-26679,-27842,-27842,-27842,-28561,-27842,-28561,-26679,-28080,-26679,-27606,-29049,-28319,-29794,-28080,-28080,-26679,-27606,-26679,-28561,-28561,-27139,-30047,-27842,-26679,-27139,-27139,-28080,-29049,-30557,-28319,-27842,-28319,-27606,-28561,-28080,-28080,n,n,n,n,n,n,n,n,n,n,n,n,n,n,n,n,n,n,n,n,n,n,n,n,n,n,n,n,n,n,n,n,n,n,n,n,n,n,n,n,n,n,n,n,n,n,n,n,n,n,n,n,n,n,n,n,n,n,n,n,n,n,n,n,n,n,n,n,n,n,n,n,n,n,n,n,n,n,n,n,n
18,-30301,-28319,-29049,-25340,-28561,-28080,-27139,-26226,-27139,-28080,-2535,-23851,-28080,-27139,-26679,-27139,-27139,-27139,-29295,-3787,-26226,-27606,-27606,-26452,-26226,-27606,-28080,-28804,-27139,-7858,-26679,-27606,-27606,-26226,-27606,-26679,-29049,-29049,-28080,-27139,-28561,-27139,-27139,-27139,-26679,-27842,-28080,-27372,-27606,-27606,-28561,-26679,-28080,-26679,-27606,-29049,-27606,-28561,-27606,-28080,-26679,-27606,-26679,-28561,-28319,-26908,-28561,-27372,-26452,-27139,-27139,-28080,-29049,-30557,-27606,-27842,-27606,-27372,-28561,-28080,-28080,n,n,n,n,n,n,n,n,n,n,n,n,n,n,n,n,n,n,n,n,n,n,n,n,n,n,n,n,n,n,n,n,n,n,n,n,n,n,n,n,n,n,n,n,n,n,n,n,n,n,n,n,n,n,n,n,n,n,n,n,n,n,n,n,n,n,n,n,n,n,n,n,n,n,n,n,n,n,n,n,n
19,-30557,-28080,-28561,-27139,-28080,-28080,-27139,-26226,-27139,-28080,-28080,-26002,-28080,-27372,-26908,-27139,-27139,-26679,-26679,-9772,-26679,-27842,-27606,-25779,-26002,-27139,-28080,-19483,-27139,-22835,-26908,-27606,-25340,-25122,-26679,-26679,-28561,-28561,-27139,-27139,-29049,-26908,-26679,-27139,-26679,-27606,-28561,-28080,-27842,-28319,-26908,-26452,-28080,-26452,-27606,-29049,-29049,-30557,-28319,-25779,-26226,-27372,-26679,-28561,-28561,-27606,-30557,-28319,-25779,-27139,-27139,-28080,-29049,-30557,-27606,-28319,-28080,-26452,-28080,-28080,-28080,n,n,n,n,n,n,n,n,n,n,n,n,n,n,n,n,n,n,n,n,n,n,n,n,n,n,n,n,n,n,n,n,n,n,n,n,n,n,n,n,n,n,n,n,n,n,n,n,n,n,n,n,n,n,n,n,n,n,n,n,n,n,n,n,n,n,n,n,n,n,n,n,n,n,n,n,n,n,n,n,n
20,-30047,-28561,-25779,-27606,-28080,-28080,-27139,-26226,-27139,-28804,-26002,-26452,-28561,-27139,-26679,-27139,-27139,-27139,-26908,-9490,-26226,-28080,-27606,-26226,-26226,-27606,-28080,-19833,-26908,-22637,-26679,-28080,-26908,-26226,-27606,-26679,-28561,-28561,-26452,-26908,-28080,-26908,-27139,-27139,-26679,-27606,-28080,-26226,-27606,-27372,-28561,-26679,-28080,-26679,-27606,-29049,-27139,-28319,-27842,-28080,-26679,-27139,-26679,-28561,-28319,-26679,-29049,-27139,-26452,-27139,-27139,-28080,-29049,-30557,-27842,-27606,-27842,-27372,-28561,-28080,-28080,n,n,n,n,n,n,n,n,n,n,n,n,n,n,n,n,n,n,n,n,n,n,n,n,n,n,n,n,n,n,n,n,n,n,n,n,n,n,n,n,n,n,n,n,n,n,n,n,n,n,n,n,n,n,n,n,n,n,n,n,n,n,n,n,n,n,n,n,n,n,n,n,n,n,n,n,n,n,n,n,n
21,-30815,-28561,-25340,-27139,-28080,-28080,-27139,-26226,-27139,65,-28080,-27139,-28561,-27372,-26679,-27139,-27139,-26908,-28561,-12544,-26452,-27606,-27606,-26679,-26226,-27606,-28080,-8179,-27372,-25779,-26679,-27842,-27606,-26226,-27606,-26679,-28561,-28561,-27139,-27139,-28561,-27139,-27139,-27139,-26679,-27606,-28561,-27606,-27606,-27606,-28561,-26679,-28080,-26679,-27606,-29049,-28561,-28804,-28080,-28080,-26679,-27372,-26679,-28561,-28561,-27372,-29544,-27606,-26679,-27139,-27139,-27842,-29049,-30557,-27606,-27842,-28080,-27606,-28561,-28080,-28080,n,n,n,n,n,n,n,n,n,n,n,n,n,n,n,n,n,n,n,n,n,n,n,n,n,n,n,n,n,n,n,n,n,n,n,n,n,n,n,n,n,n,n,n,n,n,n,n,n,n,n,n,n,n,n,n,n,n,n,n,n,n,n,n,n,n,n,n,n,n,n,n,n,n,n,n,n,n,n,n,n
22,-31336,-28804,-10562,-27139,-28080,-28080,-27139,-26226,-27139,16,-28561,-20189,-28080,-27139,-26679,-27139,-27139,-26679,-28804,-27139,-26226,-27606,-27606,-26679,-26226,-27606,-28080,-27139,-26679,-26002,-26679,-27606,-27606,-26226,-27606,-26679,-29049,-28561,-27139,-26679,-28561,-27139,-27139,-27139,-26679,-28080,-27842,-27139,-27606,-27606,-28561,-26679,-28080,-26679,-27842,-28561,-27606,-28804,-28080,-28080,-26679,-27606,-26679,-28561,-27842,-26002,-28804,-27606,-26679,-27139,-27139,-27842,-29049,-30557,-28080,-27606,-28080,-27842,-28561,-28080,-28080,n,n,n,n,n,n,n,n,n,n,n,n,n,n,n,n,n,n,n,n,n,n,n,n,n,n,n,n,n,n,n,n,n,n,n,n,n,n,n,n,n,n,n,n,n,n,n,n,n,n,n,n,n,n,n,n,n,n,n,n,n,n,n,n,n,n,n,n,n,n,n,n,n,n,n,n,n,n,n,n,n
23,-30815,-28080,-27606,-26908,-27139,-27842,-27139,-26226,-27139,-28080,-26908,-27139,-28080,-27372,-26679,-26908,-27139,-26908,-26679,-26452,-25559,-27842,-27372,-26226,-26002,-27372,-28080,40,-24059,-23645,-26226,-28080,-22835,-26226,-27606,-26679,-219,-28561,-25340,-26452,-29295,-24059,-27139,-27139,-26679,-27606,-29049,-23440,-27606,-27606,-26226,-26679,-28080,-26226,-27606,-29049,-26679,-28319,-27372,-27842,-26679,-27139,-26679,-28561,-28561,-26679,-29049,-26002,-25340,-27139,-27139,-28080,-29049,-30557,-27606,-27842,-27842,-23851,-28561,-28080,-28080,n,n,n,n,n,n,n,n,n,n,n,n,n,n,n,n,n,n,n,n,n,n,n,n,n,n,n,n,n,n,n,n,n,n,n,n,n,n,n,n,n,n,n,n,n,n,n,n,n,n,n,n,n,n,n,n,n,n,n,n,n,n,n,n,n,n,n,n,n,n,n,n,n,n,n,n,n,n,n,n,n
24,-30557,-24906,-28080,-27139,-28080,-28080,-27139,-26226,-27139,58,-28319,-27139,-28080,-27139,-26679,-27139,-27139,-26679,-26002,-27139,-26226,-28561,-27606,-26226,-26226,-27606,-28080,65,-27139,-5419,-27139,-27842,-27606,-26226,-27606,-26679,-239,-28080,-26679,-27606,-28319,-27139,-27139,-27139,-26679,-27842,-27372,-27372,-29544,-27842,-28561,-26679,-28080,-26679,-27606,-29049,-27842,-30557,-28080,-28080,-26679,-27139,-26679,-28561,-28561,-26908,-31074,-27842,-26679,-27139,-27139,-27606,-29049,-30557,-28080,-28080,-28080,-27372,-28561,-28080,-28080,n,n,n,n,n,n,n,n,n,n,n,n,n,n,n,n,n,n,n,n,n,n,n,n,n,n,n,n,n,n,n,n,n,n,n,n,n,n,n,n,n,n,n,n,n,n,n,n,n,n,n,n,n,n,n,n,n,n,n,n,n,n,n,n,n,n,n,n,n,n,n,n,n,n,n,n,n,n,n,n,n
25,-29794,-24480,-27842,-27372,-28080,-28080,-27139,-26226,-27139,-15117,99,-26679,-6276,-27139,-26679,-27139,-27139,-27139,-28080,-25559,-25779,-27606,-27606,-25779,-26226,-27606,-28080,71,-26679,-24480,-26679,-27606,-23440,-26226,-27606,-26679,-219,-28561,-25779,-27139,-28561,-24480,-27139,-27139,-26679,-27606,-28319,-24692,-27606,-27606,-26226,-26679,-28080,-26226,-27606,-29049,-27139,-28080,-27606,-28080,-26679,-27139,-26679,-28561,-28080,-26452,-28561,-26226,-25340,-27139,-27139,-28080,-28804,-30557,-27606,-28080,-27139,-24269,-28561,-28080,-28080,n,n,n,n,n,n,n,n,n,n,n,n,n,n,n,n,n,n,n,n,n,n,n,n,n,n,n,n,n,n,n,n,n,n,n,n,n,n,n,n,n,n,n,n,n,n,n,n,n,n,n,n,n,n,n,n,n,n,n,n,n,n,n,n,n,n,n,n,n,n,n,n,n,n,n,n,n,n,n,n,n
26,-30047,-27606,-28080,-27139,-28080,-28080,-27139,-26226,-27139,-28080,-28080,-26679,-46,-27139,-26679,-27139,-27139,-26679,-28561,-27139,-26679,-27606,-27606,-26679,-26226,-27372,-28080,-27606,-27139,-26679,-26908,-23,-21288,-26226,-27606,-26679,-28561,-28561,-27606,-27139,-29544,-27139,-27139,-27139,-26679,-27606,-10768,43,-18968,-29049,-28561,-26679,-28080,-26679,-28804,104,4,-31336,-28561,-27139,-26679,-27139,-26679,-28561,-28561,-27606,-31336,-29049,-26452,-27139,-27139,-27842,-29049,-30557,-27842,-28319,-28319,-27372,-28561,-28080,-28080,n,n,n,n,n,n,n,n,n,n,n,n,n,n,n,n,n,n,n,n,n,n,n,n,n,n,n,n,n,n,n,n,n,n,n,n,n,n,n,n,n,n,n,n,n,n,n,n,n,n,n,n,n,n,n,n,n,n,n,n,n,n,n,n,n,n,n,n,n,n,n,n,n,n,n,n,n,n,n,n,n
27,-29794,-28080,-28080,-27139,-28080,-27606,-27139,-26226,-27139,-28080,-29049,5,-27606,-27139,-26679,-27139,-27139,-27139,-28561,-27139,-26679,-27139,-27606,-26452,-26226,-27372,-28080,-27606,-27139,-26679,-26452,-26452,-24059,-25559,-27372,-26679,-28561,-28561,-27842,-27139,-29794,-256,-26002,-27139,-26679,-27606,36,46,-17494,-29049,-26908,-26002,-28080,-26226,-29544,104,4,-30047,-28561,-22440,-25122,-27139,-26452,-28561,-28561,-27606,-29794,-28080,-25559,-26226,-27139,-27842,-29049,-30557,-27606,-27606,-28080,-26226,-24906,-27139,-28080,n,n,n,n,n,n,n,n,n,n,n,n,n,n,n,n,n,n,n,n,n,n,n,n,n,n,n,n,n,n,n,n,n,n,n,n,n,n,n,n,n,n,n,n,n,n,n,n,n,n,n,n,n,n,n,n,n,n,n,n,n,n,n,n,n,n,n,n,n,n,n,n,n,n,n,n,n,n,n,n,n
28,-32947,-28080,-4977,-27139,-28080,-27842,-27139,-26226,-27139,-28080,-28080,-26679,-28080,-27139,-26679,-27139,-27139,-26679,-26679,-27606,-26679,-27606,-27606,-26452,-26002,-27606,-28080,-27606,-27139,-26002,-26679,-27842,-26002,-25779,-27606,-26679,-28561,-28561,-27606,-26908,-32947,-127,-26908,-27139,-27139,-27606,37,46,-18136,-29794,-26679,-26452,-28080,-26226,-27606,104,4,-30557,-28804,-25559,-26452,-27139,-26679,-28561,-28561,-27606,-30815,-28561,-25340,-27139,-27139,-27842,-29049,-30557,-27606,-28080,-28561,-25779,-26452,-27842,-28080,n,n,n,n,n,n,n,n,n,n,n,n,n,n,n,n,n,n,n,n,n,n,n,n,n,n,n,n,n,n,n,n,n,n,n,n,n,n,n,n,n,n,n,n,n,n,n,n,n,n,n,n,n,n,n,n,n,n,n,n,n,n,n,n,n,n,n,n,n,n,n,n,n,n,n,n,n,n,n,n,n
29,-30557,-6083,-11964,-27372,-28080,-28080,-27139,-26226,-27139,-30047,-27606,-24906,-28561,-27139,-24906,-27372,-27139,-26679,-28561,-25340,-18465,-28561,-28080,-26226,-24906,-27606,-28080,60,-27139,-23851,-26908,-28080,-23036,-25340,-27606,-26452,-28561,-28561,-27606,-25779,-32402,-129,-26908,-27139,-26679,-27606,-28561,39,-16718,-29295,-25340,-26679,-28080,-26226,-27606,-28804,5,-30047,-28561,-25340,-26679,-27139,-26679,-28561,-28561,-27139,-30301,-27372,-24269,-27139,-27139,-27606,-29049,-30557,-27606,-28080,-28080,-22835,-28319,-28080,-28080,n,n,n,n,n,n,n,n,n,n,n,n,n,n,n,n,n,n,n,n,n,n,n,n,n,n,n,n,n,n,n,n,n,n,n,n,n,n,n,n,n,n,n,n,n,n,n,n,n,n,n,n,n,n,n,n,n,n,n,n,n,n,n,n,n,n,n,n,n,n,n,n,n,n,n,n,n,n,n,n,n
30,-30557,-774,-29049,-27139,-28080,-28080,-27139,-26226,-27139,-30047,-28080,-27139,-27842,-27139,-26679,-27139,-27139,-26679,-28561,-25340,-26452,46,-27842,-26679,-26226,-27606,-28080,60,-27139,-16871,-22440,-12663,-15540,-25779,-27606,-26679,-28561,-28561,-28080,-24059,-32133,-27139,-26002,-27139,-26679,-27606,-28561,39,-17812,-29544,-26679,-25122,-28080,-26226,-27606,-28561,5,-30047,-29049,-22835,-24269,-27139,-26226,-28561,-28561,-27606,-29794,-28561,-25559,-25340,-26908,-27842,-28804,-30557,-27606,-27606,-28319,-26226,-24480,-26452,-28080,n,n,n,n,n,n,n,n,n,n,n,n,n,n,n,n,n,n,n,n,n,n,n,n,n,n,n,n,n,n,n,n,n,n,n,n,n,n,n,n,n,n,n,n,n,n,n,n,n,n,n,n,n,n,n,n,n,n,n,n,n,n,n,n,n,n,n,n,n,n,n,n,n,n,n,n,n,n,n,n,n
31,-30557,-774,-29049,-27139,-28080,-28080,-27139,-26226,-27139,-30047,-28080,-27139,-28080,-27139,-26679,-27139,-27139,-26679,-28804,-27139,-26452,41,-27606,-26679,-26226,-27606,-28080,-9124,-16120,-15398,-25779,-27139,-27606,-26226,-27606,-26679,-29049,-25779,-26908,-27842,-28080,-27139,-27139,-27139,-26679,-27606,-29295,39,-18136,-27372,-28561,-26679,-28080,-26679,-27606,-30557,5,-29544,-27606,-28080,-26679,-27372,-26679,-28561,-28080,-26002,-29794,-26452,-26679,-27139,-27139,-28080,-29049,-30557,-28080,-27606,-27606,-27372,-28561,-28080,-28080,n,n,n,n,n,n,n,n,n,n,n,n,n,n,n,n,n,n,n,n,n,n,n,n,n,n,n,n,n,n,n,n,n,n,n,n,n,n,n,n,n,n,n,n,n,n,n,n,n,n,n,n,n,n,n,n,n,n,n,n,n,n,n,n,n,n,n,n,n,n,n,n,n,n,n,n,n,n,n,n,n
32,-32133,-731,-29049,-27372,-28080,-28080,-27139,-26226,-27139,-28080,-28080,-27139,-28080,-27139,-26679,-27139,-27139,-26679,-26226,-27139,-26679,41,-27606,-26679,-26226,-27606,-28080,-8017,-27139,-15398,-27606,-28804,-25340,-26002,-27606,-26679,-28561,-28561,-27842,-27139,-30301,-26226,-26908,-27139,-26679,-27606,-28561,39,-17812,-29794,-26679,-26226,-28080,-26226,-27606,-29049,5,-31336,-29295,-24269,-26226,-27139,-26679,-28561,-28561,-27606,-32133,-29794,-25779,-27139,-27139,-27842,-29049,-30557,-27606,-28561,-28561,-26226,-27372,-28080,-28080,n,n,n,n,n,n,n,n,n,n,n,n,n,n,n,n,n,n,n,n,n,n,n,n,n,n,n,n,n,n,n,n,n,n,n,n,n,n,n,n,n,n,n,n,n,n,n,n,n,n,n,n,n,n,n,n,n,n,n,n,n,n,n,n,n,n,n,n,n,n,n,n,n,n,n,n,n,n,n,n,n
33,-31865,-22835,-26908,-27372,-28561,-28080,-27139,-26226,-27139,-28319,-27606,-26226,-28080,-26908,-26452,-27139,-27139,-26679,-28561,-26226,-27139,-28080,-28319,-24906,-26226,-27606,-28080,-26226,-25559,-24692,-26452,-28080,-23440,-26226,-27606,-26679,-28561,-28561,-26002,-26908,-29544,-26002,-27139,-27139,-26679,-27606,-28804,39,-17336,-28561,-25779,-26679,-28080,-26226,-27606,-29049,5,-29295,-28080,-26452,-26452,-27139,-26679,-28561,-28561,-27372,-30047,-27139,-24059,-27139,-27139,-27842,-29049,-30557,-27606,-28080,-27842,-24269,-28561,-28080,-28080,n,n,n,n,n,n,n,n,n,n,n,n,n,n,n,n,n,n,n,n,n,n,n,n,n,n,n,n,n,n,n,n,n,n,n,n,n,n,n,n,n,n,n,n,n,n,n,n,n,n,n,n,n,n,n,n,n,n,n,n,n,n,n,n,n,n,n,n,n,n,n,n,n,n,n,n,n,n,n,n,n
34,-31074,-22637,-27606,-27139,-28080,-28080,-27139,-26226,-27139,-28080,-28080,-27606,-28080,-27139,-26679,-27139,-27139,-26679,-28561,-27139,-26679,-28319,-27606,-25559,-26226,-27606,-28080,81,-27139,6,-25779,-28080,-22440,-25340,-27606,-26679,-28561,-28561,-27842,-26679,-30815,-26679,-26002,-27139,-26679,-27606,-28561,-2,-22637,-29544,-26452,-25559,-28080,-26226,-27606,-28561,5,-30815,-29049,-22637,-25559,-27139,-26679,-28561,-28561,-27606,-31074,-28804,-24906,-26679,-27139,-28080,-29049,-30557,-27606,-28080,-28561,-24906,-25122,-27606,-28080,n,n,n,n,n,n,n,n,n,n,n,n,n,n,n,n,n,n,n,n,n,n,n,n,n,n,n,n,n,n,n,n,n,n,n,n,n,n,n,n,n,n,n,n,n,n,n,n,n,n,n,n,n,n,n,n,n,n,n,n,n,n,n,n,n,n,n,n,n,n,n,n,n,n,n,n,n,n,n,n,n
35,-29544,72,-27606,-26679,-28080,-28080,-27139,-26226,-27139,-17336,-27606,28,-27606,-1807,-26679,-27139,-27139,-26679,25,-27139,-25340,-27606,-27606,-26679,-26226,-27606,-28080,74,-26679,-26226,-26679,-27606,-27842,-26226,-27606,-26679,-28561,-28561,-28080,-27139,-28561,-27139,-27139,-27139,-26679,-27606,-28561,-27606,-27606,-27606,-28561,-26679,-28080,-26679,-27606,-14301,-22,-28319,94,-28080,-26679,-27372,-26679,-28561,-28561,7,-26679,-27606,-26679,-27139,-27139,-28080,-28804,-30557,-27606,-27606,-28080,-27606,-28561,-28080,-28080,n,n,n,n,n,n,n,n,n,n,n,n,n,n,n,n,n,n,n,n,n,n,n,n,n,n,n,n,n,n,n,n,n,n,n,n,n,n,n,n,n,n,n,n,n,n,n,n,n,n,n,n,n,n,n,n,n,n,n,n,n,n,n,n,n,n,n,n,n,n,n,n,n,n,n,n,n,n,n,n,n
36,-29544,73,-28080,-26679,-28319,-28080,-27139,-26226,-27139,-680,-27606,-27139,-28080,-27139,-26679,-27139,-27139,-26679,-129,-27139,-26452,41,-27606,-26679,-26226,-27606,-28080,-27842,-26908,-26452,-26679,-27606,-27842,-26226,-27606,-26679,-28804,-28561,-28080,-27842,-29049,-26908,-27139,-27139,-26679,-27606,-28561,-27842,-29049,-29049,-28319,-26679,-28080,-26679,-27606,-14301,-23,-29794,93,-27606,-26679,-27372,-26679,-28561,-28561,7,-27842,-28561,-26226,-27372,-27139,-28080,-29049,-30557,-27606,-27842,-27372,-25779,-26226,-28080,-28080,n,n,n,n,n,n,n,n,n,n,n,n,n,n,n,n,n,n,n,n,n,n,n,n,n,n,n,n,n,n,n,n,n,n,n,n,n,n,n,n,n,n,n,n,n,n,n,n,n,n,n,n,n,n,n,n,n,n,n,n,n,n,n,n,n,n,n,n,n,n,n,n,n,n,n,n,n,n,n,n,n
37,-29544,72,-28080,-26679,-28561,-28080,-27139,-26226,-27139,-670,-27606,-27139,-29049,-29049,-25779,-27372,-27139,-26679,-129,-27606,-26226,-21666,-27606,-19833,-25340,-27606,-28080,-27606,-26679,88,-26679,-29544,-24059,-24480,-27139,-26679,-28561,-24906,-28080,-27842,-29794,-26679,-26226,-27139,-26679,-27606,-28561,-27606,-29544,-29544,-25779,-25779,-28080,-26226,-27606,-14301,-22,-29544,93,-20732,-24906,-27139,-26452,-28561,-28561,7,-27606,-28561,-24906,-24480,-27139,-28080,-29049,-30557,-27606,-28080,-26679,-15973,-12544,-22244,-27606,n,n,n,n,n,n,n,n,n,n,n,n,n,n,n,n,n,n,n,n,n,n,n,n,n,n,n,n,n,n,n,n,n,n,n,n,n,n,n,n,n,n,n,n,n,n,n,n,n,n,n,n,n,n,n,n,n,n,n,n,n,n,n,n,n,n,n,n,n,n,n,n,n,n,n,n,n,n,n,n,n
38,-29544,52,-26002,-26679,-28561,-28080,-27139,-26226,-27139,46,-24059,-27139,-28319,-27139,-26679,-27606,-27139,-27139,-32,5,-26226,-27606,-27372,-26679,-26226,-27606,-28080,-28080,-27139,88,-27372,-27606,-27606,-26226,-27606,-26679,-28561,-25122,-27139,-27842,-28561,-26679,-27139,-27139,-26679,-27606,-28561,-27139,-29544,-28561,-27606,-26679,-28080,-26679,-27606,-14301,-22,-30557,93,-25340,-26679,-27606,-26679,-28561,-28561,7,-28080,-28561,-24269,-26452,-27139,-28080,-29049,-30557,-27606,-28080,-23237,-16268,-17812,-27606,-28319,n,n,n,n,n,n,n,n,n,n,n,n,n,n,n,n,n,n,n,n,n,n,n,n,n,n,n,n,n,n,n,n,n,n,n,n,n,n,n,n,n,n,n,n,n,n,n,n,n,n,n,n,n,n,n,n,n,n,n,n,n,n,n,n,n,n,n,n,n,n,n,n,n,n,n,n,n,n,n,n,n
39,-29544,53,-26002,-26452,-29295,-28080,-27139,-26226,-27139,35,-28080,-26679,-29295,-26226,-25779,-27139,-27139,-26679,-27606,92,-26226,-28319,-28080,-23851,-26002,-27606,-28080,-28080,-26679,-13398,-27606,-30301,-22835,-25779,-27606,-26679,-28561,-28561,-27842,-27606,-30815,-25559,-27139,-27139,-26679,-27606,-28561,-27606,-29794,-28804,-25122,-26679,-28080,-26226,-27606,-14301,-22,-30047,94,-22637,-26226,-27606,-26679,-28561,-28561,7,-28080,-28561,-21666,-23440,-27139,-28080,-29049,-30557,-27606,-28080,-23036,-7101,-8513,-26679,-28080,n,n,n,n,n,n,n,n,n,n,n,n,n,n,n,n,n,n,n,n,n,n,n,n,n,n,n,n,n,n,n,n,n,n,n,n,n,n,n,n,n,n,n,n,n,n,n,n,n,n,n,n,n,n,n,n,n,n,n,n,n,n,n,n,n,n,n,n,n,n,n,n,n,n,n,n,n,n,n,n,n
40,-21288,-7858,-26226,-27139,-28561,-28080,-27139,-26226,-27139,82,-28080,-27139,-28561,-27139,-26679,-27606,-27139,-26679,-1945,-27139,-26679,-27606,-28319,-24906,-25779,-27606,-28080,-27606,-26679,-26226,-27372,-29049,-25340,-24906,-27139,-26679,-28561,-28561,-28080,-27842,-30047,-26679,-26452,-27372,-26679,-27842,-28561,-27606,-28804,-29544,-26908,-26002,-28080,-26452,-27606,-14301,-22,-29049,94,-22835,-24906,-27139,-26452,-28561,-28561,7,-27606,-28080,-25559,-25340,-26679,-28080,-29049,-30557,-27606,-27606,-27372,-21666,-17812,-22244,-27372,n,n,n,n,n,n,n,n,n,n,n,n,n,n,n,n,n,n,n,n,n,n,n,n,n,n,n,n,n,n,n,n,n,n,n,n,n,n,n,n,n,n,n,n,n,n,n,n,n,n,n,n,n,n,n,n,n,n,n,n,n,n,n,n,n,n,n,n,n,n,n,n,n,n,n,n,n,n,n,n,n
41,-24480,-1574,-26226,-26908,-28561,-28080,-27139,-26226,-27139,116,-28080,20,-5,-27139,-26679,-27606,-27139,-26908,-25122,10,-25559,-28319,-27606,-25779,-26226,-27606,-28561,-28080,-27139,57,-27139,-28080,-25779,-26226,-27606,-26679,-28561,-28561,-29544,55,-29049,-26452,-27139,-27606,-26679,-28080,-28561,-28080,-29049,-28080,-27606,-26679,-28080,-26679,-27606,-14301,-22,-30047,93,-26226,-26679,-27606,-26679,-28804,-28561,7,-27842,-28561,-25122,-26679,-27139,-28080,-29049,-30557,-27606,-27842,-25122,-16871,-19657,-27842,-28080,n,n,n,n,n,n,n,n,n,n,n,n,n,n,n,n,n,n,n,n,n,n,n,n,n,n,n,n,n,n,n,n,n,n,n,n,n,n,n,n,n,n,n,n,n,n,n,n,n,n,n,n,n,n,n,n,n,n,n,n,n,n,n,n,n,n,n,n,n,n,n,n,n,n,n,n,n,n,n,n,n
42,-1807,29,-28319,-27139,-28561,-28080,-27139,-26226,-27139,81,-7471,-27372,-29544,-27372,-26679,-27372,-27139,-27139,-28561,-27372,-26679,-30047,-27606,-26452,-26226,-27606,-28561,78,59,-26452,-28319,-28319,-26908,-26226,-27606,-26679,-28804,-29049,-29544,-28804,-30047,-26908,-27139,-27606,-26679,-28080,-28804,-28561,-30301,-28804,-28080,-26679,-28080,-26679,-27606,-14301,-21,-30301,93,-27139,-26679,-27606,-26679,-28804,-29049,7,-27842,-29049,-25779,-27372,-27139,-28080,-29049,-30557,-27606,-28080,-26002,-23237,-24480,-27842,-28080,n,n,n,n,n,n,n,n,n,n,n,n,n,n,n,n,n,n,n,n,n,n,n,n,n,n,n,n,n,n,n,n,n,n,n,n,n,n,n,n,n,n,n,n,n,n,n,n,n,n,n,n,n,n,n,n,n,n,n,n,n,n,n,n,n,n,n,n,n,n,n,n,n,n,n,n,n,n,n,n,n
43,-8262,7,-27606,-26908,-27606,-28080,-27606,-26226,-27139,62,-5250,-26908,-28561,-27606,-26226,-27606,-27139,-26908,-28561,19,-26226,-28080,-28561,-25122,-26226,-27606,-28561,-28080,-26679,-20010,-27139,-28561,-24269,-26226,-27606,-26679,-28804,-28561,-26908,-27139,-29544,-26452,-27139,-27606,-26679,-28080,-28804,-27606,-29544,-28561,-27372,-26679,-28080,-26679,-27606,-14301,-21,-30301,93,-25340,-26679,-27606,-26679,-28804,-28561,7,-27842,-28561,-24269,-26226,-27139,-28080,-29049,-30557,-27606,-28080,-24059,-14434,-15828,-27842,-28080,n,n,n,n,n,n,n,n,n,n,n,n,n,n,n,n,n,n,n,n,n,n,n,n,n,n,n,n,n,n,n,n,n,n,n,n,n,n,n,n,n,n,n,n,n,n,n,n,n,n,n,n,n,n,n,n,n,n,n,n,n,n,n,n,n,n,n,n,n,n,n,n,n,n,n,n,n,n,n,n,n
44,-29544,61,-28080,-27139,-28561,-28080,-27372,-26226,-27139,103,-27606,-27606,-12309,-27372,-26452,-27372,-27139,-26908,-6,9,-26679,-27606,-27842,-25559,-26226,-27606,-28561,102,51,-26226,-26679,-28319,-25340,-26226,-27606,-26679,-29049,-28561,-28080,-27606,-29295,-26908,-27139,-27606,-26679,-28080,-28804,-27606,-29544,-29049,-26908,-26679,-28080,-26679,-27606,-14301,-20,-29544,93,-25122,-26679,-27606,-26679,-29049,-29049,7,-27606,-28561,-24692,-26002,-27139,-28080,-29049,-30557,-27606,-28080,-25779,-16268,-16120,-27372,-28080,n,n,n,n,n,n,n,n,n,n,n,n,n,n,n,n,n,n,n,n,n,n,n,n,n,n,n,n,n,n,n,n,n,n,n,n,n,n,n,n,n,n,n,n,n,n,n,n,n,n,n,n,n,n,n,n,n,n,n,n,n,n,n,n,n,n,n,n,n,n,n,n,n,n,n,n,n,n,n,n,n
45,-29544,58,-28561,-26452,-28561,-28080,-27606,-26226,-27139,114,89,-7547,-28080,-28319,-26452,-27606,-27139,-27139,-23645,42,-26679,-28319,-27842,-22835,-25559,-27606,-28561,102,-26679,-26679,-26908,-30047,-24059,-24906,-27606,-26679,-29049,-28561,-28080,-28080,-30557,-26679,-27139,-27606,-26679,-28080,-29049,-27842,-29794,-29544,-25122,-26679,-28080,-26226,-27606,-14301,-21,-29794,93,-21857,-25779,-27606,-26679,-29049,-29049,7,-27842,-28804,-23440,-22440,-27139,-28080,-29049,-30815,-27606,-28080,-24692,-11738,-9868,-24906,-28319,n,n,n,n,n,n,n,n,n,n,n,n,n,n,n,n,n,n,n,n,n,n,n,n,n,n,n,n,n,n,n,n,n,n,n,n,n,n,n,n,n,n,n,n,n,n,n,n,n,n,n,n,n,n,n,n,n,n,n,n,n,n,n,n,n,n,n,n,n,n,n,n,n,n,n,n,n,n,n,n,n
46,-7858,-632,-28080,18,-28561,-28080,-27606,-26679,-27139,114,-28319,63,-27606,-27606,-26679,-27606,-27139,-27139,-29049,-27372,-27372,-29049,-26002,-26002,-26226,-27606,-28561,-28080,-27139,-26679,-27842,-28561,-24906,-26226,-27606,-26679,106,-28561,-27139,-28561,-30557,-26452,-27139,-27606,-26679,-27606,-28804,-27606,-30047,-29794,-27372,-26679,-28080,-26679,-28080,-14301,-21,-30815,93,-25559,-26452,-27606,-26679,-29049,-29049,7,-28080,-29049,-25340,-27139,-27139,-28080,-29049,-30557,-27842,-28561,-25779,-21477,-21288,-27372,-28561,n,n,n,n,n,n,n,n,n,n,n,n,n,n,n,n,n,n,n,n,n,n,n,n,n,n,n,n,n,n,n,n,n,n,n,n,n,n,n,n,n,n,n,n,n,n,n,n,n,n,n,n,n,n,n,n,n,n,n,n,n,n,n,n,n,n,n,n,n,n,n,n,n,n,n,n,n,n,n,n,n
47,-28319,41,-28561,-27139,-28561,-28080,-27606,-26452,-27139,115,-22050,-26452,-28080,-27139,-26679,-27606,-27139,-26679,-28561,37,-25122,-28561,-27842,-26679,-26226,-27606,-28561,90,-26908,-26226,-27606,-8345,-28080,-26226,-27606,-26679,-29049,-28804,-28319,-28561,-29544,-27139,-27372,-27606,-27139,-28080,-28561,-27372,-30301,-29295,45,-26679,-28080,-4093,-28080,-19138,-30815,-30557,-28804,-28319,-26679,-27606,-26679,-29049,-30047,-2596,-29049,-28561,-26679,-27606,-27139,-28080,-29544,-31074,-28080,-28319,-28319,-27606,-29049,-28080,-28561,n,n,n,n,n,n,n,n,n,n,n,n,n,n,n,n,n,n,n,n,n,n,n,n,n,n,n,n,n,n,n,n,n,n,n,n,n,n,n,n,n,n,n,n,n,n,n,n,n,n,n,n,n,n,n,n,n,n,n,n,n,n,n,n,n,n,n,n,n,n,n,n,n,n,n,n,n,n,n,n,n
48,-24480,46,-28561,-26679,-28561,-28080,-27606,-26679,-27139,113,-28080,-27139,-28080,-27606,-26679,-27606,-27139,-26908,-29049,-17180,-26679,-27606,-28080,-24906,-25559,-27606,-28561,-28080,-27139,-26226,-25559,-8513,-25779,-23851,-27372,-26679,-29049,-29049,-28080,-26452,-30557,-27139,-24480,-27606,-27139,-28080,-29049,-27606,-28804,-29544,45,-23851,-28080,-4093,-28080,-19138,-29544,-30047,-29049,-22440,-23851,-27606,-26452,-29049,-29049,-2596,-28080,-28561,-24906,-25122,-27139,-28080,-29049,-31074,-27606,-28080,-28561,-25122,-22244,-27606,-28561,n,n,n,n,n,n,n,n,n,n,n,n,n,n,n,n,n,n,n,n,n,n,n,n,n,n,n,n,n,n,n,n,n,n,n,n,n,n,n,n,n,n,n,n,n,n,n,n,n,n,n,n,n,n,n,n,n,n,n,n,n,n,n,n,n,n,n,n,n,n,n,n,n,n,n,n,n,n,n,n,n
49,-1534,-27842,-27842,-26452,-28561,-28080,-27606,-26226,-27372,111,-26226,-27139,-25559,-26908,-26679,-27606,-27139,-26908,-29544,-16417,-26452,-28080,-27372,-26679,-26226,-27606,-28561,-18799,-24906,-25559,-27372,-8262,-28080,-26226,-27606,-26679,-29049,-29544,-26452,-26908,-28561,-27139,-27606,-27606,-26908,-28080,-28561,-27139,-27842,-27606,45,-26679,-28080,-4093,-28080,-29049,-27606,-28804,-27606,-28561,-26679,-27606,-26679,-29049,-28804,-26908,-28804,-24269,-17974,-27606,-27139,-28080,-29544,-31074,-27606,-24480,-12663,-3198,-25122,-28080,-28561,n,n,n,n,n,n,n,n,n,n,n,n,n,n,n,n,n,n,n,n,n,n,n,n,n,n,n,n,n,n,n,n,n,n,n,n,n,n,n,n,n,n,n,n,n,n,n,n,n,n,n,n,n,n,n,n,n,n,n,n,n,n,n,n,n,n,n,n,n,n,n,n,n,n,n,n,n,n,n,n,n
50,37,-28080,-21666,-26908,-28561,-28080,-27606,-26452,-27606,111,-28561,-23851,-28080,-27139,-26679,-27606,-27139,-26679,77,-25779,-2119,-28319,-27606,-26679,-26226,-27606,-28561,-28561,-27139,-26679,-27139,-8262,-28080,-26226,-27606,-26679,-30047,-32133,-28804,-27372,-29049,-27139,-27606,-27606,-27139,-28080,-28561,-28804,-30301,-29049,45,-26679,-28080,-4138,-28080,-29544,-29544,-31865,-28561,-28561,-26679,-27606,-26679,-29049,-29049,-28080,-32133,-28804,-26679,-27606,-27139,-28080,-29544,-31074,-28319,-28561,-27606,-25559,-26679,-28080,-28561,n,n,n,n,n,n,n,n,n,n,n,n,n,n,n,n,n,n,n,n,n,n,n,n,n,n,n,n,n,n,n,n,n,n,n,n,n,n,n,n,n,n,n,n,n,n,n,n,n,n,n,n,n,n,n,n,n,n,n,n,n,n,n,n,n,n,n,n,n,n,n,n,n,n,n,n,n,n,n,n,n
51,-30047,-28080,-28561,-26679,-28561,-28080,-27606,-26679,-27139,125,-28561,-4184,-28080,-27139,-26679,-27606,-27139,-26908,-29049,114,-26452,149,-28080,-26679,-26226,-27606,-28561,31,-26679,-8,-26679,-28080,-28080,-26226,-27606,-26679,-29049,-29049,-27139,-26908,-29049,-27139,-27606,-27606,-27139,-28319,-29049,-28561,-28804,-27842,-29049,-26226,-28080,-26679,-28080,-29544,-28804,-30047,144,109,-26226,-27606,-26679,-29049,-29049,-27842,-31074,-29049,-26679,-27606,-27139,-28080,-29544,-31074,46,-26002,-27606,-25340,-28561,-28080,-28561,n,n,n,n,n,n,n,n,n,n,n,n,n,n,n,n,n,n,n,n,n,n,n,n,n,n,n,n,n,n,n,n,n,n,n,n,n,n,n,n,n,n,n,n,n,n,n,n,n,n,n,n,n,n,n,n,n,n,n,n,n,n,n,n,n,n,n,n,n,n,n,n,n,n,n,n,n,n,n,n,n
52,-29794,75,-28561,-27139,-28561,-28080,-27606,-26226,-27139,125,-28080,-4184,-28080,-27139,-26679,-27606,-27139,-26679,-28561,114,-26226,149,-27842,-26679,-26002,-27606,-28561,117,-26679,-8,-26908,-28080,-28080,-26226,-27606,-26679,-29049,-29049,-28080,-27139,-29049,-14038,-27372,-27606,-27139,-28080,-29049,-28561,-28080,-27842,-28561,-26679,-28080,-26679,-28080,-29049,-29295,-28561,-28561,109,-26679,-27372,-26679,-29049,-29049,-28080,-29049,-28561,-26002,-26452,-27139,-28080,-29544,-30557,61,-3745,-28561,-25559,-19833,-27139,-28319,n,n,n,n,n,n,n,n,n,n,n,n,n,n,n,n,n,n,n,n,n,n,n,n,n,n,n,n,n,n,n,n,n,n,n,n,n,n,n,n,n,n,n,n,n,n,n,n,n,n,n,n,n,n,n,n,n,n,n,n,n,n,n,n,n,n,n,n,n,n,n,n,n,n,n,n,n,n,n,n,n
53,-30301,-578,-28080,-26908,-29049,-28080,-27606,-26452,-27139,5,-28804,55,-29049,-27139,-26226,-27606,-27139,-26908,-29049,100,-26452,9,-28319,-25122,-26226,-27606,-28561,-28080,-26679,-26226,-26679,-28561,-24059,-26226,-27606,-26679,-29049,-29049,-28080,-27372,-29049,-26226,-27372,-27606,-26908,-28080,-29049,-28319,-29049,-9214,-26679,-26679,-28080,-26452,-28080,-29049,-29544,-30557,149,114,-26452,-27606,-26679,-29049,-29049,96,-30047,-28319,-24269,72,-27139,-28080,-29295,-30815,61,-3745,-23851,-16417,-13398,-24692,-28319,n,n,n,n,n,n,n,n,n,n,n,n,n,n,n,n,n,n,n,n,n,n,n,n,n,n,n,n,n,n,n,n,n,n,n,n,n,n,n,n,n,n,n,n,n,n,n,n,n,n,n,n,n,n,n,n,n,n,n,n,n,n,n,n,n,n,n,n,n,n,n,n,n,n,n,n,n,n,n,n,n
54,-30047,95,-28080,-27139,-28804,-28080,-27606,-26226,-27139,122,129,101,-28080,-27139,-26679,-27606,-27139,-27139,-29049,-110,-26679,55,-27606,-24692,-21101,-27606,-28561,-28080,-27139,-26226,-26908,-30557,-26452,-25122,-19833,-26679,-29049,-29049,-28080,-27606,-30815,-27372,-25340,-26002,-26679,-28080,-29049,-28561,-28804,64,-30301,-10161,-27372,-27139,-28080,-29049,-29544,-29295,-29544,-24692,-22440,-26679,-26226,-29049,-28804,-28080,-29295,-28080,-26679,101,-26908,-28080,-29049,-30557,-27606,-23237,-29794,-27139,-22050,-23851,-28080,n,n,n,n,n,n,n,n,n,n,n,n,n,n,n,n,n,n,n,n,n,n,n,n,n,n,n,n,n,n,n,n,n,n,n,n,n,n,n,n,n,n,n,n,n,n,n,n,n,n,n,n,n,n,n,n,n,n,n,n,n,n,n,n,n,n,n,n,n,n,n,n,n,n,n,n,n,n,n,n,n
55,-30047,32,-28080,-27139,-28561,-28080,-27606,-26226,-27139,52,-28080,36,-27606,-27139,-26679,-27606,-27139,-27139,-29049,-34,-26679,76,-27606,-26452,-26226,-27606,-28561,-28080,-26908,-26226,-27139,-28804,-24480,-26226,-27606,-26679,-29049,-28561,-28080,-27606,-28561,-27139,-27139,-27606,-26908,-28080,-28561,-28319,-1297,39,-28561,-10161,-28080,-26679,-27842,-29049,-29295,-28561,-28319,-28080,-26679,-27606,-26679,-29049,-28561,-28080,-30557,-28080,-26452,101,-27139,-28080,-29544,-31074,-27606,-23237,-30047,-27139,-24692,-28080,-28561,n,n,n,n,n,n,n,n,n,n,n,n,n,n,n,n,n,n,n,n,n,n,n,n,n,n,n,n,n,n,n,n,n,n,n,n,n,n,n,n,n,n,n,n,n,n,n,n,n,n,n,n,n,n,n,n,n,n,n,n,n,n,n,n,n,n,n,n,n,n,n,n,n,n,n,n,n,n,n,n,n
56,-29544,96,-28080,83,-28561,-28080,-27139,-26226,-27139,52,-28080,36,-27139,-27139,-26679,-27606,-27139,-26679,-28561,-33,-26226,76,-27606,-26679,-26226,-27606,-28561,-3581,-26679,60,-26452,-27606,-28080,-26226,-27606,-26679,-28561,-28561,-28080,-27139,-28561,-27139,-27139,-27606,-26679,-28080,-28804,-28080,-27606,24,-28561,-497,-28080,-26679,-27842,-29049,-29049,-28561,-28561,-28561,-26679,-27606,-26679,-29049,-28804,-28080,-28561,-27842,-26679,102,-27139,-28080,-29295,-30557,-27606,-23237,-29295,-27606,-28561,-28080,-28561,n,n,n,n,n,n,n,n,n,n,n,n,n,n,n,n,n,n,n,n,n,n,n,n,n,n,n,n,n,n,n,n,n,n,n,n,n,n,n,n,n,n,n,n,n,n,n,n,n,n,n,n,n,n,n,n,n,n,n,n,n,n,n,n,n,n,n,n,n,n,n,n,n,n,n,n,n,n,n,n,n
57,-30047,-18465,-28080,-27139,-28561,-28080,-27139,-26226,-27139,89,-11964,111,-27606,-27139,-26679,-27372,-27139,-27139,-28804,75,-26226,-27842,-27606,-26679,-26226,-27606,-28319,-28080,-27139,-26226,-27606,-27606,-27842,-26226,-27606,-26679,-28804,-28561,-27372,-28080,-28561,-27139,-27139,-27606,-26679,-27606,-28561,-28080,-29049,-28319,-28561,-26679,-28080,-26679,-27606,-29049,-29049,-29794,-28080,55,-26452,-27139,-26679,-28561,-28561,-27842,-30047,-27606,-25559,-27139,-27139,-28080,-29049,-30557,-27139,-27842,-28080,-26002,-25122,-28080,-28080,n,n,n,n,n,n,n,n,n,n,n,n,n,n,n,n,n,n,n,n,n,n,n,n,n,n,n,n,n,n,n,n,n,n,n,n,n,n,n,n,n,n,n,n,n,n,n,n,n,n,n,n,n,n,n,n,n,n,n,n,n,n,n,n,n,n,n,n,n,n,n,n,n,n,n,n,n,n,n,n,n
58,-30047,-16567,-28080,-26679,-28561,-28080,-27139,-26226,-27139,78,-22050,39,-27372,-27139,-26679,-27139,-27139,-27139,-28804,-5713,-26452,-27606,-27606,-26679,-26226,-27606,-28080,-1183,-27372,-25779,-26679,-27606,-28080,-26226,-27606,-26679,-28804,-28561,-27842,-27139,-28561,-27139,-27139,-27139,-26679,-27842,-28561,-28080,-28561,-27606,-28561,-26679,-28080,-26679,-27606,-29049,-28804,-29049,-27842,-28080,-26679,-27372,-26679,-28561,-28561,-27842,-29049,-27606,-26452,-27139,-27139,-28080,-29049,-30557,-27139,-27606,-28319,-26679,-28561,-28080,-28080,n,n,n,n,n,n,n,n,n,n,n,n,n,n,n,n,n,n,n,n,n,n,n,n,n,n,n,n,n,n,n,n,n,n,n,n,n,n,n,n,n,n,n,n,n,n,n,n,n,n,n,n,n,n,n,n,n,n,n,n,n,n,n,n,n,n,n,n,n,n,n,n,n,n,n,n,n,n,n,n,n
59,-28080,-28080,-28080,-27139,-28561,-27606,-27139,-26226,-27139,-20916,-28080,-19310,-27606,-27139,-26002,-27139,-27139,-26679,-29049,66,-18300,-27842,-27606,-25559,-24059,-27606,-28080,-27606,-26908,-26226,-26679,-28561,-27606,-25122,-27606,-26679,-28561,-28561,140,-26908,-30047,-27139,-26908,-27139,-26679,-27606,-28561,-28080,-27842,-27139,-27606,-26679,-28080,-26452,-27606,-28561,-29049,-29544,-28080,-23851,-26002,-27139,-26452,-28561,-28561,-28080,-29295,-28080,-25779,-25559,-27139,-27606,-29049,-30557,-27139,-27606,-28804,-26679,-17336,-18465,-27372,n,n,n,n,n,n,n,n,n,n,n,n,n,n,n,n,n,n,n,n,n,n,n,n,n,n,n,n,n,n,n,n,n,n,n,n,n,n,n,n,n,n,n,n,n,n,n,n,n,n,n,n,n,n,n,n,n,n,n,n,n,n,n,n,n,n,n,n,n,n,n,n,n,n,n,n,n,n,n,n,n
60,-28804,61,-27606,-27139,-28561,-27842,-27139,-26226,-27372,-28561,-27606,72,-27372,-27139,-26679,-27139,-27139,-26679,-29544,84,-26002,-27842,-27372,-26679,-26002,-27372,-28080,-28080,-24269,-25122,-26679,-27606,-27606,-26226,-27606,-26679,-28561,-28804,140,-26908,-28319,-26908,-27139,-27139,-26679,-27606,-28080,-25559,-28319,-27372,-28319,-26679,-28080,-26679,-27606,-29049,-26452,-28561,-27372,-28080,-26679,-27139,-26679,-28561,-28319,-26679,-29295,-26002,-26002,-27139,-27139,-27606,-29049,-30557,-27139,-27842,-27842,-24906,-27139,-28080,-28080,n,n,n,n,n,n,n,n,n,n,n,n,n,n,n,n,n,n,n,n,n,n,n,n,n,n,n,n,n,n,n,n,n,n,n,n,n,n,n,n,n,n,n,n,n,n,n,n,n,n,n,n,n,n,n,n,n,n,n,n,n,n,n,n,n,n,n,n,n,n,n,n,n,n,n,n,n,n,n,n,n
61,-30047,-8017,-28080,-27139,-28561,-27606,-27139,-26226,-27139,-25122,-28080,27,-27372,-27139,-26679,-27139,-26679,-26679,-26002,-4276,-26452,-28319,-27606,-26679,-26002,-27139,-28080,-28080,-27372,-26226,-27139,-27606,-27606,-26226,-27139,-26679,-29049,-29049,140,-27606,-28804,-26908,-27139,-27139,-26679,-27842,-28804,-28080,-29295,-28561,-28080,-26679,-27606,-26679,-27606,-28804,-29049,-30301,-28080,-27606,-26452,-27139,-26679,-28561,-28561,-27606,-30301,-28080,-26452,-27139,-27139,-27606,-28561,-30301,-27139,-27842,-28080,-27139,-28561,-27842,-28080,n,n,n,n,n,n,n,n,n,n,n,n,n,n,n,n,n,n,n,n,n,n,n,n,n,n,n,n,n,n,n,n,n,n,n,n,n,n,n,n,n,n,n,n,n,n,n,n,n,n,n,n,n,n,n,n,n,n,n,n,n,n,n,n,n,n,n,n,n,n,n,n,n,n,n,n,n,n,n,n,n
62,-30047,-13779,-27606,-27139,-28561,-27606,-27139,-26226,-27139,-9124,132,60,-27139,-27139,-26679,-27139,-26679,-27139,-1183,-14301,-26226,1,35,-26226,-25779,-27139,-28080,-27606,-27139,-26226,-26679,-27139,-26452,-25779,-27139,-26679,-28561,-28561,-27606,-27139,-30047,-27139,-26908,-27139,-26679,-27606,-28080,-28080,-28080,-27842,-27372,-26226,-27606,-26452,-27606,-28804,-28561,-29295,-28080,-24480,-25779,-27139,-26452,-28561,-28561,-27606,-29794,-28080,-25559,-26908,-27139,-27606,-28804,-30301,-26679,-27606,-28080,-26226,-26452,-27372,-28080,n,n,n,n,n,n,n,n,n,n,n,n,n,n,n,n,n,n,n,n,n,n,n,n,n,n,n,n,n,n,n,n,n,n,n,n,n,n,n,n,n,n,n,n,n,n,n,n,n,n,n,n,n,n,n,n,n,n,n,n,n,n,n,n,n,n,n,n,n,n,n,n,n,n,n,n,n,n,n,n,n
63,-29544,-12078,-28080,-27139,-28319,-27606,-27139,-26226,-27139,69,94,-13779,-27139,-20368,-25779,-27139,-26679,-27139,-19138,68,-25779,-27139,-28319,-26002,-25122,-27139,-28080,-27606,-26679,-25779,-26002,-28561,-26226,-24480,-27139,-26679,-28319,-28080,-27606,-27139,-29544,-27139,-25559,-27139,-26679,-27606,-28080,-27842,-29049,-28561,-26908,-25340,-27606,-26226,-27606,-28561,-28561,-28561,-28080,-21666,-23851,-27139,-26226,-28080,-28080,-27606,-28561,-27606,-25559,-24906,-26908,-27606,-28561,-30047,-26679,-27606,-28080,-26679,-17336,-13026,-26002,n,n,n,n,n,n,n,n,n,n,n,n,n,n,n,n,n,n,n,n,n,n,n,n,n,n,n,n,n,n,n,n,n,n,n,n,n,n,n,n,n,n,n,n,n,n,n,n,n,n,n,n,n,n,n,n,n,n,n,n,n,n,n,n,n,n,n,n,n,n,n,n,n,n,n,n,n,n,n,n,n
64,-29794,-561,-27842,-27139,-28080,-27606,-27139,-26226,-27139,-26226,-9772,-21288,-27139,-26679,-26226,-26908,-26679,-27139,-26679,-26908,-26226,-27139,-27139,-26226,-25779,-27139,-28080,-27606,-26908,-25779,-26679,-27139,-27606,-25779,-27139,-26226,-28080,-28080,-27372,-26679,-28080,-26679,-27139,-27139,-26679,-27606,-28080,-27606,-27372,-27139,-28080,-26452,-27606,-26679,-27139,-28319,-28319,-28080,-27842,-27606,-26226,-27139,-26226,-28080,-28080,-27372,-28080,-27139,-26679,-27139,-27139,-27606,-28561,-30047,-26679,-27139,-28080,-27139,-28080,-27606,-27606,n,n,n,n,n,n,n,n,n,n,n,n,n,n,n,n,n,n,n,n,n,n,n,n,n,n,n,n,n,n,n,n,n,n,n,n,n,n,n,n,n,n,n,n,n,n,n,n,n,n,n,n,n,n,n,n,n,n,n,n,n,n,n,n,n,n,n,n,n,n,n,n,n,n,n,n,n,n,n,n,n
65,-29049,95,-27606,-27372,-28319,-27372,-27139,-26226,-26908,91,-27139,55,-27139,-26679,-23036,-26002,-26679,-26679,-29544,-26226,-26452,-23237,-28561,-25559,-24906,-27139,-28080,-27606,-27139,-25779,-26908,-28080,-26002,-24059,-26908,-26226,-28080,-28080,-27606,-27606,-29295,-26679,-25779,-27139,-26679,-27606,-28080,-27606,-28319,-28804,-25559,-24906,-27606,-26226,-27139,-28080,-28561,65,-28319,-21666,-22835,-26226,-26002,-28080,-28080,-27606,-24906,-5896,-26002,-24269,-26679,-27606,-28561,-30047,-26679,-27139,-28080,-24906,-9868,-9214,-24906,n,n,n,n,n,n,n,n,n,n,n,n,n,n,n,n,n,n,n,n,n,n,n,n,n,n,n,n,n,n,n,n,n,n,n,n,n,n,n,n,n,n,n,n,n,n,n,n,n,n,n,n,n,n,n,n,n,n,n,n,n,n,n,n,n,n,n,n,n,n,n,n,n,n,n,n,n,n,n,n,n
66,-29049,95,-27606,-27139,-28080,-27606,-27139,-26226,-27139,112,-27139,55,-27139,-26679,-26226,-26679,-26679,-26679,-29049,-25559,-26908,-23237,-27372,-26452,-25779,-27139,-27842,-27606,-27139,-12544,-26226,-26226,-25779,-25779,-27139,-26452,-28080,-28080,-27606,-28080,-28080,-26452,-26679,-27139,-26679,-27372,-28080,-28080,-29794,-29544,-26679,-26226,-27606,-26226,-27139,-28561,-29049,-30815,-28080,-24480,-26226,-27139,-26226,-28080,-28080,-27606,-31074,-28561,-25122,-27139,-26908,-27606,-28561,-30047,-26679,-27842,-28319,-26002,-21666,-25340,-27606,n,n,n,n,n,n,n,n,n,n,n,n,n,n,n,n,n,n,n,n,n,n,n,n,n,n,n,n,n,n,n,n,n,n,n,n,n,n,n,n,n,n,n,n,n,n,n,n,n,n,n,n,n,n,n,n,n,n,n,n,n,n,n,n,n,n,n,n,n,n,n,n,n,n,n,n,n,n,n,n,n
67,-28804,95,-27606,-27139,-28080,-27606,-27139,-26226,-26679,121,-1049,5,-27139,-26679,-26226,-26679,-26679,-27139,-29049,43,-26226,-24692,-27139,-26226,-25779,-27139,-27606,-3347,-26679,-25779,-26452,-26908,-27139,-25779,-27139,-26226,-5896,8,-27606,-26908,-28080,-26679,-26679,-27139,-26679,-27139,-27842,-27606,-27606,-27842,-27842,-26226,-27606,-26226,-27139,-28080,-28561,-28080,-27606,-26908,-26226,-27139,-26226,-28080,-28080,-27606,-28080,-27139,-26226,-27139,-26679,-27372,-28561,-29544,-26679,-27139,-27606,-26908,-27606,-27606,-27606,n,n,n,n,n,n,n,n,n,n,n,n,n,n,n,n,n,n,n,n,n,n,n,n,n,n,n,n,n,n,n,n,n,n,n,n,n,n,n,n,n,n,n,n,n,n,n,n,n,n,n,n,n,n,n,n,n,n,n,n,n,n,n,n,n,n,n,n,n,n,n,n,n,n,n,n,n,n,n,n,n
68,-29544,95,-27139,-26679,-28080,-27606,-27139,-26226,-26679,-10562,105,90,-27139,-26679,-26226,-26679,-26679,-27139,-28561,-13026,-26226,-27372,-27139,-26226,-25779,-27139,-27606,-27372,-26679,-25779,-26679,-26679,-27139,-25779,-27139,-26226,-28080,-28080,-27606,-26908,-28080,-26679,-26679,-27139,-26452,-27139,-28080,-27606,-27372,-27139,-28080,-26226,-27606,-26226,-27139,-28080,-28561,-27842,90,-27606,1,-26679,-12783,-28080,-28080,-27606,103,-27842,-7396,-26679,-26679,-27606,-28561,-29544,-26679,-27139,-27842,-27372,-28080,-27606,-27606,n,n,n,n,n,n,n,n,n,n,n,n,n,n,n,n,n,n,n,n,n,n,n,n,n,n,n,n,n,n,n,n,n,n,n,n,n,n,n,n,n,n,n,n,n,n,n,n,n,n,n,n,n,n,n,n,n,n,n,n,n,n,n,n,n,n,n,n,n,n,n,n,n,n,n,n,n,n,n,n,n
69,-29794,75,-27372,-26908,-28080,-27606,-27139,-26226,-26679,-17812,130,61,-27372,-26908,-26226,-26679,-26679,-27139,-28561,64,-26226,-27139,-27139,-26226,-25779,-27139,-27606,51,-26226,-25779,-26908,-27139,-26452,-25779,-27139,-26226,-28080,-28080,-27606,-27372,-29544,-26452,-26679,-27139,-26226,-27139,-27842,-27606,-29295,-28319,-26908,-26226,-27606,-26226,-27139,-28080,-28561,-29794,93,-25559,2,-26679,-12783,-28080,-28080,-27606,-29544,-29049,-6609,-26679,-26679,-27372,-28561,-29544,-26679,-27372,-27606,-20916,-16567,-26908,-27606,n,n,n,n,n,n,n,n,n,n,n,n,n,n,n,n,n,n,n,n,n,n,n,n,n,n,n,n,n,n,n,n,n,n,n,n,n,n,n,n,n,n,n,n,n,n,n,n,n,n,n,n,n,n,n,n,n,n,n,n,n,n,n,n,n,n,n,n,n,n,n,n,n,n,n,n,n,n,n,n,n
70,-29544,63,-27139,-26679,-28080,-27606,-26679,-26226,-26679,-17494,53,-26226,-27842,-30047,-26002,-26679,-26679,-26679,-28561,-26679,-980,-28804,-30557,-24906,-25779,-27139,-27606,-27139,-26908,-10977,-27139,-27606,-23440,-25779,-27139,-26226,-28080,-28080,-25559,-26452,-29794,-24692,-26679,-26679,-26226,-27139,-27606,-27606,-27139,-27139,-24059,-26226,-27606,-25779,-27139,-28080,-28080,-29295,90,-22050,-26002,-27139,-26226,-28080,-27842,-27606,-29544,-27139,-22050,-26226,-26679,-27139,-28561,-29544,-26679,-27372,-27842,-157,-774,-26002,-27606,n,n,n,n,n,n,n,n,n,n,n,n,n,n,n,n,n,n,n,n,n,n,n,n,n,n,n,n,n,n,n,n,n,n,n,n,n,n,n,n,n,n,n,n,n,n,n,n,n,n,n,n,n,n,n,n,n,n,n,n,n,n,n,n,n,n,n,n,n,n,n,n,n,n,n,n,n,n,n,n,n
71,-30301,60,-25559,-26679,-28080,-27606,-26679,-26226,-26908,-25559,-50,-26679,-26452,-24269,-26226,-26679,-26679,-26679,-28561,45,-26226,-27606,-27372,-20732,-25779,-27139,-27606,-27372,-24059,-24692,-26452,-29544,-26679,-25779,-27139,-26226,-1945,-28319,-26679,-26679,-29544,-23645,-26679,-26679,-26226,-27139,-27842,-24269,-27606,-28561,-24906,-26226,-27606,-26002,-27139,-28080,-27606,-27606,-28561,-25122,-26226,-26679,-26226,-27606,-28080,-27606,-29544,-27139,-24059,-26679,-26679,-27139,-28561,-29544,-26679,-28080,-27372,-23645,-26679,-27606,-27606,n,n,n,n,n,n,n,n,n,n,n,n,n,n,n,n,n,n,n,n,n,n,n,n,n,n,n,n,n,n,n,n,n,n,n,n,n,n,n,n,n,n,n,n,n,n,n,n,n,n,n,n,n,n,n,n,n,n,n,n,n,n,n,n,n,n,n,n,n,n,n,n,n,n,n,n,n,n,n,n,n
72,-31600,54,-16268,-20549,-28080,-27139,-26679,-26226,-27139,-25340,-219,-26226,-26452,-1807,-18300,-26679,-26679,-26226,-26679,-26679,-26226,-27139,-27842,-12544,-15828,-26679,-27606,-3198,-15828,-25779,-25779,-27606,-25779,-22835,-21477,-26226,-1852,-28080,-27606,-26679,-28319,-26679,-23645,-25340,-26226,-27139,-27606,-27606,-27606,-26679,-25559,-23036,-26002,-25779,-27139,-28080,-28080,-27842,-28080,-23036,-19833,-25122,-25559,-27606,-27606,-27372,-28080,-27139,-24269,-21477,-26002,-27139,-28080,-29544,-26679,-27139,-27372,-25122,-17653,-21101,-26908,n,n,n,n,n,n,n,n,n,n,n,n,n,n,n,n,n,n,n,n,n,n,n,n,n,n,n,n,n,n,n,n,n,n,n,n,n,n,n,n,n,n,n,n,n,n,n,n,n,n,n,n,n,n,n,n,n,n,n,n,n,n,n,n,n,n,n,n,n,n,n,n,n,n,n,n,n,n,n,n,n
73,-30815,95,-27139,-26908,-27606,-27139,-26679,-26226,-26679,94,-27606,33,-26679,-26679,-26226,-26679,-26679,-26452,-30557,97,-24906,-27606,-27139,-26226,-25779,-26679,-27606,-17025,-26226,-25122,-26452,-26679,-27139,-25779,-27139,-26226,-29544,-28319,-26679,-26679,-27606,-26679,-26679,-26679,-26226,-28319,96,-27139,-27139,-26679,-28080,-26226,-27372,-26226,46,-30557,-27842,-28561,-31074,-27606,-26226,-26679,-26226,-27842,-27606,-26452,-28080,-27372,-26226,-26679,-26679,-27139,-28561,-29794,-27606,-27372,-27606,-27372,-27606,-27139,-27606,n,n,n,n,n,n,n,n,n,n,n,n,n,n,n,n,n,n,n,n,n,n,n,n,n,n,n,n,n,n,n,n,n,n,n,n,n,n,n,n,n,n,n,n,n,n,n,n,n,n,n,n,n,n,n,n,n,n,n,n,n,n,n,n,n,n,n,n,n,n,n,n,n,n,n,n,n,n,n,n,n
74,-27139,-30047,-27139,-23645,-28561,-27139,-26679,-25779,-26679,93,-5896,74,-26679,-26226,-26226,-26679,-26226,-26679,-2850,-26679,-26002,27,-26679,-26226,-25779,-26679,-27606,-27139,-26679,-25779,-25779,-26226,-27139,-25779,-26679,-26226,-27606,-27606,-27139,-26452,-27606,-26679,-26679,-26679,-26226,-27139,-27139,-27139,-27139,-26679,-27606,-26226,-27139,-26226,-27139,-27606,-28080,-27606,-27139,-27139,-26226,-26679,-26226,-27606,-27606,-27139,-12309,-26679,-26226,-26679,-26679,-27139,-28319,-29049,-26679,-26908,-27372,-27139,-27606,-27139,-27139,n,n,n,n,n,n,n,n,n,n,n,n,n,n,n,n,n,n,n,n,n,n,n,n,n,n,n,n,n,n,n,n,n,n,n,n,n,n,n,n,n,n,n,n,n,n,n,n,n,n,n,n,n,n,n,n,n,n,n,n,n,n,n,n,n,n,n,n,n,n,n,n,n,n,n,n,n,n,n,n,n
75,-29049,-23645,-27372,-26908,-28561,-27139,-26679,-25779,-26679,-26679,-9397,-4093,-26679,-26226,-26226,-26679,-26226,-26679,-28804,-28080,-25779,57,-26679,-26226,-25779,-26679,-27606,71,-27139,-25779,-26226,-26452,-27139,-25779,-26679,-26226,-27842,-27606,-26679,-26679,-27606,-26679,-26679,-26679,-26226,-27139,-27139,-27139,-27139,-26679,-27606,-26226,-27139,-26226,-26908,-27606,-27842,-27372,-27139,-27139,-26226,-26679,-26226,-27606,-27606,-27139,-27606,-26679,-26226,-26679,-26679,-27139,-28561,-29049,-27372,-27139,-27139,-27139,-27606,-27139,-27139,n,n,n,n,n,n,n,n,n,n,n,n,n,n,n,n,n,n,n,n,n,n,n,n,n,n,n,n,n,n,n,n,n,n,n,n,n,n,n,n,n,n,n,n,n,n,n,n,n,n,n,n,n,n,n,n,n,n,n,n,n,n,n,n,n,n,n,n,n,n,n,n,n,n,n,n,n,n,n,n,n
76,-29049,-23237,-27139,-26908,-28561,-27139,-26679,-25779,-26679,-27139,-25779,-16871,-26908,-26226,-26002,-26679,-26226,-26452,-22050,-26226,-25779,-5419,-26679,-25340,-25779,-26679,-27139,-27139,-26452,-752,-26452,-26679,-25559,-25779,-26679,-26226,-27606,-28080,-26679,-26679,-27606,-24480,-26679,-26679,-26226,-27139,-27139,-25340,-27139,-26679,-24059,-26226,-27139,-25779,-26679,-27606,-26908,-26452,-26679,-26002,-26226,-26679,-26226,-27606,-27606,-27139,-27606,-26002,-24269,-26679,-26679,-27139,-28080,-29049,-26679,-27606,-27372,-21666,-27372,-27139,-27139,n,n,n,n,n,n,n,n,n,n,n,n,n,n,n,n,n,n,n,n,n,n,n,n,n,n,n,n,n,n,n,n,n,n,n,n,n,n,n,n,n,n,n,n,n,n,n,n,n,n,n,n,n,n,n,n,n,n,n,n,n,n,n,n,n,n,n,n,n,n,n,n,n,n,n,n,n,n,n,n,n
77,-31865,-24059,-26908,-26679,-28804,-26908,-26679,-25779,-26679,-28804,-28561,-27139,-26679,-26452,-25559,-26226,-26226,-26226,-29049,46,-25779,-26908,-26908,-25122,-25779,-26679,-27139,-13,-18136,-25340,-26226,-26908,-23237,-25779,-26679,-26226,-27606,-27606,-26452,-26226,-29295,-26226,-26679,-26679,-26226,-27139,-27139,-26908,-26679,-27139,-26002,-26226,-27139,-26002,-26679,-27606,-27842,-27139,-27372,-23036,-25779,-26679,-26226,-27606,-27606,-27139,-28319,-26908,-23440,-26679,-26679,-27139,-28080,-29049,-26679,-27372,-27842,-23237,-24906,-27139,-27139,n,n,n,n,n,n,n,n,n,n,n,n,n,n,n,n,n,n,n,n,n,n,n,n,n,n,n,n,n,n,n,n,n,n,n,n,n,n,n,n,n,n,n,n,n,n,n,n,n,n,n,n,n,n,n,n,n,n,n,n,n,n,n,n,n,n,n,n,n,n,n,n,n,n,n,n,n,n,n,n,n
78,-28561,55,-26908,-26908,-28561,-27139,-26679,-25779,-26679,-3663,-26679,48,-26908,-26452,-26226,-26452,-26226,-26226,-28080,-25779,-25779,-27606,-26908,-25340,-25779,-26679,-27139,-15973,-26226,-25340,-26679,-27372,-26002,-25340,-26679,-26226,72,-27606,-26452,-26226,-29295,-26679,-26002,-26679,-26226,-26679,-27606,-27139,-27372,-28561,-27139,-26002,-27139,-26002,-26679,-27606,-27842,-28804,-28804,-24269,-25559,-26679,-26226,-27606,-27606,-27139,-28804,-27139,-24906,-26452,-26679,-27139,-28080,-29049,-26679,-27139,-27372,-25340,-26002,-27139,-27139,n,n,n,n,n,n,n,n,n,n,n,n,n,n,n,n,n,n,n,n,n,n,n,n,n,n,n,n,n,n,n,n,n,n,n,n,n,n,n,n,n,n,n,n,n,n,n,n,n,n,n,n,n,n,n,n,n,n,n,n,n,n,n,n,n,n,n,n,n,n,n,n,n,n,n,n,n,n,n,n,n
79,-29049,-7624,-22050,-26679,-28561,-27139,-26679,-25779,-26679,-23440,-29544,40,-26679,-26226,-26226,-26226,-26226,-26679,-28561,-28804,-22440,-26679,-26679,-115,-25779,-26679,-27139,-27139,-26452,-25340,-26452,-25779,-10977,-25779,-26679,-26226,-27606,-27606,-26679,-26452,-28080,-26002,-26679,-26679,-26226,-27139,-27139,-26908,-28561,-29544,-25779,-26226,-27139,-25779,-26679,-27606,-8017,25,-28804,-23645,-25779,-26679,-26226,-27606,-27606,-27139,-30557,-27606,-24480,-26679,-26679,-27139,-28080,-29049,-26679,-27606,-27606,-24906,-25340,-27139,-27139,n,n,n,n,n,n,n,n,n,n,n,n,n,n,n,n,n,n,n,n,n,n,n,n,n,n,n,n,n,n,n,n,n,n,n,n,n,n,n,n,n,n,n,n,n,n,n,n,n,n,n,n,n,n,n,n,n,n,n,n,n,n,n,n,n,n,n,n,n,n,n,n,n,n,n,n,n,n,n,n,n
80,-30047,-29049,-18465,-22050,-29049,-27139,-26679,-25779,-26679,-27139,-29049,-26226,-27139,-26452,-26002,-26226,-26226,-26679,-30301,-24692,-25779,-27372,-27372,-18,-25779,-26679,-27372,-27139,-26679,-23645,-26679,-27139,-14169,-25779,-26679,-26226,-27606,-28080,-26226,-26908,-30047,-22835,-26452,-26679,-26226,-27139,-27372,-24059,-26679,-28319,-22050,-26226,-27139,-25340,-26679,-27606,-28080,-26452,-27842,-21477,-25779,-26679,-26226,-27606,-27606,-27139,-29544,-26679,-22244,-26226,-26679,-27139,-28080,-29049,-26679,-27606,-28080,-20368,-20549,-27139,-27139,n,n,n,n,n,n,n,n,n,n,n,n,n,n,n,n,n,n,n,n,n,n,n,n,n,n,n,n,n,n,n,n,n,n,n,n,n,n,n,n,n,n,n,n,n,n,n,n,n,n,n,n,n,n,n,n,n,n,n,n,n,n,n,n,n,n,n,n,n,n,n,n,n,n,n,n,n,n,n,n,n
81,-29544,-28561,-26226,-26908,-28561,-27139,-26679,-25779,-26679,-27606,-27606,52,-26679,-26226,-26002,-26226,-26226,-26226,-29544,-26679,-25340,-26908,-26679,-25559,-25559,-26679,-27139,-17180,-26452,-24059,-26226,-26679,-22835,-25779,-26679,-26226,-27606,-28080,-26679,-25779,-29544,-22440,-26226,-26679,-26226,-26908,-27606,-29295,-24269,-26679,-18799,-26002,-27139,-24692,-26679,-27606,-27842,-25779,-27139,-21288,-25779,-26679,-26226,-27606,-27606,-27139,-27842,-26452,-19657,-26679,-26679,-27139,-28080,-29049,-26679,-27372,-28319,-15973,-24906,-27139,-27139,n,n,n,n,n,n,n,n,n,n,n,n,n,n,n,n,n,n,n,n,n,n,n,n,n,n,n,n,n,n,n,n,n,n,n,n,n,n,n,n,n,n,n,n,n,n,n,n,n,n,n,n,n,n,n,n,n,n,n,n,n,n,n,n,n,n,n,n,n,n,n,n,n,n,n,n,n,n,n,n,n
82,27,-20916,-27606,-26908,-28561,-27139,-26679,-26226,-26679,-587,-27139,-16871,-26679,-26679,-25340,-26002,-26226,-26226,-182,-5896,-25779,-26679,-28080,-25559,-24906,-26226,-27139,-26679,-26679,-25340,-26226,-23645,-26226,-24906,-22637,-26226,-27606,-27606,-27139,-9583,-29544,-26452,-24269,-26679,-26226,-26679,-27606,-27139,-27139,-29295,-26679,-24480,-27139,-26002,-26679,-27606,-27606,-27606,-27372,-23237,-23645,-26679,-26002,-27606,-27606,-27139,-27606,-27139,-25559,-24269,-26452,-27139,-28080,-28561,-26679,-26679,-27372,-26452,-22050,-24692,-26908,n,n,n,n,n,n,n,n,n,n,n,n,n,n,n,n,n,n,n,n,n,n,n,n,n,n,n,n,n,n,n,n,n,n,n,n,n,n,n,n,n,n,n,n,n,n,n,n,n,n,n,n,n,n,n,n,n,n,n,n,n,n,n,n,n,n,n,n,n,n,n,n,n,n,n,n,n,n,n,n,n
83,7,-4615,-27606,-27139,-28561,-27139,-26679,-26002,-26679,124,-27139,-26226,-27139,-26679,-24059,-26226,-26226,-26226,-28080,-27139,-22440,-27139,-27139,-24480,-25779,-26679,-27139,-27139,-26452,-25340,-26226,-24269,-23036,-25779,-26679,-26226,-27606,-28080,-27139,-9583,-32673,-26226,-26452,-26679,-26226,-26908,-27606,-27139,-26908,-30815,-26679,-26226,-27139,-26002,-26679,-27606,-27606,-28080,-26908,-21477,-25779,-26679,-26226,-27606,-27606,-26908,-28561,-26452,-23440,-26679,-26679,-27139,-28080,-29049,-26679,-27372,-27372,-22835,-19483,-27139,-27139,n,n,n,n,n,n,n,n,n,n,n,n,n,n,n,n,n,n,n,n,n,n,n,n,n,n,n,n,n,n,n,n,n,n,n,n,n,n,n,n,n,n,n,n,n,n,n,n,n,n,n,n,n,n,n,n,n,n,n,n,n,n,n,n,n,n,n,n,n,n,n,n,n,n,n,n,n,n,n,n,n
84,-30815,-25779,-27606,-26679,-28804,-27139,-26679,-26226,-26679,62,-27139,-26226,-22637,-26452,-24906,-26226,-26226,-26226,-29049,-26908,-26226,-16718,-26452,-22835,-25779,-26679,-27139,-26679,82,-25340,-22835,-27372,-24906,-23851,-26679,-26226,-27606,-27606,-27139,-22637,-28080,-26002,-24906,-26679,-26226,-26679,-27606,-27139,-27139,-27139,-30047,101,-27139,-26226,-26679,-27606,-27606,-28804,-28080,-21666,-23440,-26679,-25779,-27606,-27606,-27139,-28319,-27139,-22440,-21857,-26679,-27139,-28080,-29049,-26679,-26679,-27606,-22050,-11516,-24059,-27139,n,n,n,n,n,n,n,n,n,n,n,n,n,n,n,n,n,n,n,n,n,n,n,n,n,n,n,n,n,n,n,n,n,n,n,n,n,n,n,n,n,n,n,n,n,n,n,n,n,n,n,n,n,n,n,n,n,n,n,n,n,n,n,n,n,n,n,n,n,n,n,n,n,n,n,n,n,n,n,n,n
85,-29295,-25559,-27139,-26679,-28561,-27139,-26679,-26226,-26679,50,-27372,-16417,-26679,-26226,-26226,-26226,-26226,-26226,-30047,-26908,-26002,-27372,-26679,-26226,-25779,-26679,-27139,-28561,-26679,-25779,-26679,-26226,-27139,-25779,-26679,-26226,-27372,41,-27139,-27372,-27842,-26679,-26226,-26679,-26226,-26679,-27606,-27139,-27606,-27139,-27606,97,-27139,-26226,-26679,-27606,-27842,-29295,-27139,-27139,-26002,-26679,-26226,-27606,-27606,-27139,-29794,-27372,-26226,-26679,-26679,-27139,-28080,-29049,-26679,-27372,-27606,-26908,-27606,-27139,-27139,n,n,n,n,n,n,n,n,n,n,n,n,n,n,n,n,n,n,n,n,n,n,n,n,n,n,n,n,n,n,n,n,n,n,n,n,n,n,n,n,n,n,n,n,n,n,n,n,n,n,n,n,n,n,n,n,n,n,n,n,n,n,n,n,n,n,n,n,n,n,n,n,n,n,n,n,n,n,n,n,n
86,-31336,-25340,-1231,-26452,-28561,-27139,-26679,-26226,-26679,-26452,-27606,-26226,-26679,-25559,-26226,-26226,-26226,-26679,17,-27372,-26679,-28319,-26908,-26226,-25779,-26679,-27139,-26679,-26002,-25122,-26908,-26226,-26452,-25779,-26679,-26226,-27372,-27842,-25340,-26226,-29295,-28080,-26226,-26679,-26226,-26679,-27606,-25340,-26679,-25779,-27606,133,-27139,-26226,-26679,-27606,-27139,-27139,-24059,-26679,-26226,-26679,-26226,-27606,-27606,-26679,-27606,-24480,-20916,-26679,-26679,-27139,-28080,-29049,-26679,-27606,-27139,-11298,-25559,-27139,-27139,n,n,n,n,n,n,n,n,n,n,n,n,n,n,n,n,n,n,n,n,n,n,n,n,n,n,n,n,n,n,n,n,n,n,n,n,n,n,n,n,n,n,n,n,n,n,n,n,n,n,n,n,n,n,n,n,n,n,n,n,n,n,n,n,n,n,n,n,n,n,n,n,n,n,n,n,n,n,n,n,n
87,-29049,-25122,19,-26679,-28561,-27139,-26679,-26002,-26679,-26226,-27139,-26226,-26679,-26226,-26226,-26226,-26226,-26226,-26679,-26679,-26226,-26679,-26679,-26226,-25779,-26679,-27139,-27139,-26679,-14841,-26226,-26226,-27139,-25779,-26679,-26226,-27606,-27606,-27139,-26226,-29049,-27606,-26226,-26679,-26226,-27139,-27606,-27139,-26908,-25779,-27606,133,-27139,-26226,-26679,-27606,-27606,-27139,-27139,-27139,-26226,-26679,-26226,-27606,-27606,-27139,-27606,-26679,-26226,-26679,-26679,-27139,-28080,-28561,-26679,-26908,-27139,-27139,-27606,-27139,-27139,n,n,n,n,n,n,n,n,n,n,n,n,n,n,n,n,n,n,n,n,n,n,n,n,n,n,n,n,n,n,n,n,n,n,n,n,n,n,n,n,n,n,n,n,n,n,n,n,n,n,n,n,n,n,n,n,n,n,n,n,n,n,n,n,n,n,n,n,n,n,n,n,n,n,n,n,n,n,n,n,n
88,-17025,-26002,-25779,-25340,58,-27139,-26679,-25779,-26679,-26226,-29049,-27372,-26679,-25779,-26226,-26226,-26226,-26452,-28804,-26679,-26002,-26908,-26679,-26226,-24906,-26679,-27139,-27139,-26679,-14569,-26226,-26002,-27139,-25779,-26679,-26226,-27606,-28080,-26002,-26452,-27606,-26679,-26226,-26679,-26226,-27139,-27139,-26452,-26908,-26452,-27606,133,-27139,-26226,-26679,-27606,-27372,-28080,-26226,-27139,-26226,-26679,-26226,-27606,-27606,-26908,-28319,-19657,-12078,-26679,-26679,-27139,-28561,-29049,-26679,-26679,-19657,-2333,-15257,-27139,-27139,n,n,n,n,n,n,n,n,n,n,n,n,n,n,n,n,n,n,n,n,n,n,n,n,n,n,n,n,n,n,n,n,n,n,n,n,n,n,n,n,n,n,n,n,n,n,n,n,n,n,n,n,n,n,n,n,n,n,n,n,n,n,n,n,n,n,n,n,n,n,n,n,n,n,n,n,n,n,n,n,n
89,-15117,-25340,-25779,-26679,-28561,-27139,-26679,-26226,-26679,-26226,-27372,-27372,-20010,-27606,-23851,-25559,-26226,-26226,-27606,-26679,-26226,-26908,-27606,-24269,-24692,-26679,-27606,93,-26679,-25559,-26452,-27139,-24906,-23036,-26226,-26226,-27606,-27606,-27139,-26908,-27606,-26679,-23851,-26679,-26226,-27139,-27606,-27139,-27372,-27842,-25340,-23237,-27139,-25779,-26908,-27606,-28080,-27606,-27139,-20916,-21288,-25559,-25779,-27606,-27606,-27139,-27606,-26908,-25559,-23036,-25779,-27139,-28080,-29049,-26679,-27139,-27139,-25559,-6474,-1476,-15257,n,n,n,n,n,n,n,n,n,n,n,n,n,n,n,n,n,n,n,n,n,n,n,n,n,n,n,n,n,n,n,n,n,n,n,n,n,n,n,n,n,n,n,n,n,n,n,n,n,n,n,n,n,n,n,n,n,n,n,n,n,n,n,n,n,n,n,n,n,n,n,n,n,n,n,n,n,n,n,n,n
90,-29049,-25340,-25122,1,-28561,-27139,-26679,-26226,-26679,-26679,-27842,-19833,-26908,-26452,-26226,-26679,-26679,-26679,-32947,-28080,-26679,-27842,-26679,-26226,-25779,-26679,-27606,93,-24269,-24269,-26002,-25779,-27139,-25779,-26679,-26226,-27842,-27139,-25122,-26226,-27139,-26679,-26679,-26679,-26226,-27372,-25779,-25122,-26002,-26452,-27606,-26226,-27139,-26226,-27139,-28080,-24906,-26452,-26908,-27606,-26226,-26679,-26226,-27606,-26226,-25122,-26679,-24906,-26226,-26679,-26679,-27139,-28561,-29049,-27139,-27606,-26679,-6341,-27372,-27139,-27139,n,n,n,n,n,n,n,n,n,n,n,n,n,n,n,n,n,n,n,n,n,n,n,n,n,n,n,n,n,n,n,n,n,n,n,n,n,n,n,n,n,n,n,n,n,n,n,n,n,n,n,n,n,n,n,n,n,n,n,n,n,n,n,n,n,n,n,n,n,n,n,n,n,n,n,n,n,n,n,n,n
91,6,-25779,-22440,-25779,-28561,-27139,-26679,-26226,-26679,-26226,-27606,-26226,-26908,-26226,-26226,-26679,-26452,-26226,-30047,-26679,-26452,-28080,-27139,-26226,-25779,-26679,-27606,93,-26679,-25779,-27606,-26908,-26908,-25779,-26679,-26226,-27606,-27606,-27139,-26679,-28804,-26679,-26679,-26679,-26226,-27139,-27606,-27139,-27606,-28080,-27139,-26226,-27139,-26226,-27139,-27842,-28080,-30301,-27606,-27372,-26226,-26679,-26226,-27606,-27606,-27139,-30047,-27139,-26226,-26679,-26679,-27139,-28319,-29049,-27139,-27139,-28080,-27139,-27606,-27139,-27372,n,n,n,n,n,n,n,n,n,n,n,n,n,n,n,n,n,n,n,n,n,n,n,n,n,n,n,n,n,n,n,n,n,n,n,n,n,n,n,n,n,n,n,n,n,n,n,n,n,n,n,n,n,n,n,n,n,n,n,n,n,n,n,n,n,n,n,n,n,n,n,n,n,n,n,n,n,n,n,n,n
92,-29544,-25340,-28080,-26908,-29049,-27372,-26679,-26226,-26679,-26679,-27606,-26226,-26679,-26679,-25779,-26226,-26679,-26226,-28804,-26679,-26226,-28804,-27139,-25559,-25340,-25779,-27606,80,-26679,-25779,-26908,-26679,-25340,-25122,-21857,-26226,-27606,-28080,-27606,-26908,-28804,-27139,-19138,-26679,-26226,-27139,-28080,-28080,-26002,-27139,-3385,-14841,-27139,-19833,-27139,-28080,-28319,-25559,-12544,-89,-25779,-26679,-26226,-27606,-27606,-27139,-26679,-9034,-11,-26679,-26679,-27139,-28804,-29049,-27139,-27842,-17974,-23,-21666,-27139,-27139,n,n,n,n,n,n,n,n,n,n,n,n,n,n,n,n,n,n,n,n,n,n,n,n,n,n,n,n,n,n,n,n,n,n,n,n,n,n,n,n,n,n,n,n,n,n,n,n,n,n,n,n,n,n,n,n,n,n,n,n,n,n,n,n,n,n,n,n,n,n,n,n,n,n,n,n,n,n,n,n,n
93,-29049,29,-28080,-26679,-29049,-27139,-26679,-26226,-26679,57,-27606,-27606,-26908,-26226,-26226,-26679,-26679,-26226,-18465,-24059,-26226,-27139,-27139,-26226,-25779,-26679,-27606,-27139,-26679,-25779,-26226,-26226,-27139,-25779,-26908,-26226,-27606,-27842,-27139,-26679,-27606,-26679,-26679,-26679,-26226,-27139,-28080,88,-27139,-26679,-27842,-26226,-27139,-26226,-27139,-28080,-28080,-27606,-27606,-27606,-26226,-26679,-26226,-27606,-27606,-27139,-27606,-27139,-26226,-26679,-26679,-27139,-28080,-29049,-27139,-27139,-27606,-27139,-27606,-27139,-27606,n,n,n,n,n,n,n,n,n,n,n,n,n,n,n,n,n,n,n,n,n,n,n,n,n,n,n,n,n,n,n,n,n,n,n,n,n,n,n,n,n,n,n,n,n,n,n,n,n,n,n,n,n,n,n,n,n,n,n,n,n,n,n,n,n,n,n,n,n,n,n,n,n,n,n,n,n,n,n,n,n
94,-25779,-18799,-26908,-27139,-29049,-26908,-26679,-26226,-26679,57,-26679,30,-26908,-26226,-25559,-26679,-26679,-26452,-19483,-25779,-25779,-27139,-26908,-24269,-25779,-26679,-27606,-27139,-21101,-23237,-26226,-26908,-23645,-25779,-26908,-26226,-27606,-27606,-25122,-25779,-28561,-24269,-26679,-26679,-26226,-27139,-29049,88,-26452,-26679,-23036,-26226,-27139,-25559,-27139,-28080,-25122,-26679,-26226,-25779,-26226,-26679,-26226,-27606,-27606,-26908,-27606,-25340,-23440,-26679,-26679,-27139,-28561,-29049,-27139,-27606,-27372,-17812,-27842,-27139,-27606,n,n,n,n,n,n,n,n,n,n,n,n,n,n,n,n,n,n,n,n,n,n,n,n,n,n,n,n,n,n,n,n,n,n,n,n,n,n,n,n,n,n,n,n,n,n,n,n,n,n,n,n,n,n,n,n,n,n,n,n,n,n,n,n,n,n,n,n,n,n,n,n,n,n,n,n,n,n,n,n,n
95,-29544,-25779,-27606,-27606,-29295,-27139,-26679,-26226,-26679,8,-27606,-25779,-26908,-26452,-25779,-26452,-26452,-26226,-35,-26679,-26452,-29295,-27139,-24906,-25340,-26679,-27606,-27606,-26679,-25559,-26908,-26452,-23440,-23851,-26452,-26226,-27606,-27842,-26002,-25340,-29049,-26679,-25122,-26679,-26226,-27139,-28080,88,-26002,-27606,-26679,-24906,-27139,-26226,-27139,-28080,-28080,-28561,-27842,-20916,-25559,-26679,-26226,-27606,-27606,-27139,-29295,-27139,-22440,-26452,-26679,-27139,-28561,-29049,-27139,-27606,-28080,-21288,-22835,-27139,-27606,n,n,n,n,n,n,n,n,n,n,n,n,n,n,n,n,n,n,n,n,n,n,n,n,n,n,n,n,n,n,n,n,n,n,n,n,n,n,n,n,n,n,n,n,n,n,n,n,n,n,n,n,n,n,n,n,n,n,n,n,n,n,n,n,n,n,n,n,n,n,n,n,n,n,n,n,n,n,n,n,n
96,-29049,-26679,-25340,-26908,-28561,-27139,-26679,-26226,-27139,-26679,-27139,-26908,-26679,-26226,-26226,-26679,-26679,-26226,-27606,-21666,-26226,-26679,-27139,-26226,-25779,-26679,-27606,-27139,-26679,-25779,-26226,-26226,-27139,-25779,-27139,-26226,-27606,-27842,-27139,-26679,-27606,-26679,-26679,-26679,-26226,-27139,-28080,-27139,-27139,-12544,-25779,-26226,-27139,-26002,-27139,-28080,-28080,-27606,-27606,-27606,-26226,-26679,-26226,-27606,-27606,-27372,-27606,-27139,-26226,-26679,-26679,-27139,-28319,-29049,-27139,-27139,-27606,-27139,-27606,-27139,-27606,n,n,n,n,n,n,n,n,n,n,n,n,n,n,n,n,n,n,n,n,n,n,n,n,n,n,n,n,n,n,n,n,n,n,n,n,n,n,n,n,n,n,n,n,n,n,n,n,n,n,n,n,n,n,n,n,n,n,n,n,n,n,n,n,n,n,n,n,n,n,n,n,n,n,n,n,n,n,n,n,n
97,-29295,-26908,-27842,27,-28804,-27139,-26679,-26226,-26908,-26679,-27372,-26452,-28080,-17653,-24906,-26679,-26679,-26452,-578,-25779,-25779,-28319,-28561,-24269,-25779,-26679,-27606,-29544,-26679,-23851,-26452,-28804,-23440,-25779,-27139,-26226,-27606,-28080,-26226,-24906,-30047,-22637,-26679,-26679,-26226,-27139,-28080,-27139,-26908,-13779,-25779,-26226,-27139,-26226,-27139,-28080,-28080,-29295,-27606,-21666,-26002,-26679,-26226,-27606,-27606,-27139,-29295,-26908,-20732,-26452,-26679,-27139,-28561,-29544,-27139,-27372,-28804,19,5,-24480,-27372,n,n,n,n,n,n,n,n,n,n,n,n,n,n,n,n,n,n,n,n,n,n,n,n,n,n,n,n,n,n,n,n,n,n,n,n,n,n,n,n,n,n,n,n,n,n,n,n,n,n,n,n,n,n,n,n,n,n,n,n,n,n,n,n,n,n,n,n,n,n,n,n,n,n,n,n,n,n,n,n,n
98,-29544,71,-12078,21,-28080,-27606,-26679,-26226,-26679,76,-27139,-26452,-26452,-27606,-22244,-26226,-26679,-26226,-21666,-27139,-26452,-28080,-28080,-25340,-25122,-26679,-27606,-12544,-26679,-25779,-26226,-27139,-23036,-24480,-26679,-26226,-27606,-28080,-27139,-27139,-29544,-26908,-25779,-26679,-26226,-27139,-28080,-27139,-29049,-30047,-26002,-25779,-27372,-26002,-27139,-28080,-28080,-29544,-27606,-20732,-24906,-26679,-26226,-27606,-27606,-27139,-29295,-27606,-24059,-25340,-26679,-27139,-28561,-29049,-27139,-27139,-28080,-14038,-9583,-19483,-26679,n,n,n,n,n,n,n,n,n,n,n,n,n,n,n,n,n,n,n,n,n,n,n,n,n,n,n,n,n,n,n,n,n,n,n,n,n,n,n,n,n,n,n,n,n,n,n,n,n,n,n,n,n,n,n,n,n,n,n,n,n,n,n,n,n,n,n,n,n,n,n,n,n,n,n,n,n,n,n,n,n
99,-29049,-25340,-25779,-25779,-29049,-27139,-26679,-26226,-26679,55,-27606,-26679,-27139,-26679,-26226,-26679,-26679,-26226,-9214,-26679,-26226,-27139,-27139,-26226,-25779,-26679,-27606,-27139,-26679,-25779,-26226,-10768,-27139,-25779,-27139,-26226,-27606,-28080,-27139,-26679,-27606,-26679,-26679,-26679,-26226,-27139,-28080,-27139,-27139,-26679,-28080,-26226,-27372,-26226,-27139,-28080,-28080,-28319,-27606,-27606,-26226,-26679,-26226,-27606,-27606,-27139,-28319,-27372,-26226,-26679,-26679,-27139,-28561,-29049,-27139,-27372,-27606,-27372,-27606,-27139,-27606,n,n,n,n,n,n,n,n,n,n,n,n,n,n,n,n,n,n,n,n,n,n,n,n,n,n,n,n,n,n,n,n,n,n,n,n,n,n,n,n,n,n,n,n,n,n,n,n,n,n,n,n,n,n,n,n,n,n,n,n,n,n,n,n,n,n,n,n,n,n,n,n,n,n,n,n,n,n,n,n,n
